date,list,name,ticker,close,rs63,r21,rsi,pctB,atrPct,vol,dHigh20,taken,result_R,note
2026-06-15,momentum,SSAB,SSAB-A.ST,102.80,37.21,21.60,76.31,0.98,2.52,0.48,-0.48
2026-06-15,momentum,Autoliv,ALIV-SDB.ST,1226.00,21.92,13.00,62.44,0.79,2.18,0.32,-0.41
2026-06-15,momentum,Evolution,EVO.ST,725.80,19.07,11.63,63.24,0.95,2.26,0.50,-2.79
2026-06-15,momentum,ABB,ABB.ST,984.20,18.99,0.04,43.79,0.50,2.57,0.49,-3.75
2026-06-15,momentum,SKF,SKF-B.ST,249.70,5.62,10.05,54.50,0.83,2.83,0.50,-1.38
2026-06-15,squeeze,Investor,INVE-B.ST,382.75,4.90,5.01,49.82,0.72,1.63,0.50,-1.57
2026-06-15,squeeze,H&M,HM-B.ST,169.50,-8.88,5.57,64.60,0.98,2.27,0.64,-2.31
2026-06-15,squeeze,Swedbank,SWED-A.ST,345.80,1.13,7.03,53.26,0.84,1.66,0.82,-2.15
2026-06-15,squeeze,Sandvik,SAND.ST,392.90,0.34,11.08,53.19,0.96,2.76,0.42,-0.38
2026-06-15,weakest,Electrolux,ELUX-B.ST,30.13,-54.86,-39.88,52.46,0.59,6.59,0.17,-9.76
2026-06-15,weakest,Saab,SAAB-B.ST,512.10,-28.32,6.08,41.36,0.18,4.12,0.43,-12.46
2026-06-15,weakest,Hexagon,HEXA-B.ST,80.30,-23.45,9.99,35.86,0.15,3.07,0.20,-13.21
2026-06-16,momentum,SSAB,SSAB-A.ST,100.00,33.69,18.29,69.61,0.84,2.64,0.37,-2.39
2026-06-16,momentum,Evolution,EVO.ST,718.40,17.72,8.26,65.32,0.80,2.27,0.24,-2.58
2026-06-16,momentum,Autoliv,ALIV-SDB.ST,1175.00,17.02,8.29,50.42,0.50,2.40,0.20,-4.55
2026-06-16,momentum,ABB,ABB.ST,999.20,21.15,1.57,47.95,0.67,2.60,0.47,-2.28
2026-06-16,momentum,Atlas Copco,ATCO-A.ST,192.40,7.09,11.31,67.12,1.22,2.72,0.29,-0.72
2026-06-16,squeeze,Investor,INVE-B.ST,383.85,5.51,5.31,51.72,0.78,1.59,0.31,-1.03
2026-06-16,squeeze,Sandvik,SAND.ST,391.70,0.33,10.74,52.49,0.93,2.82,0.23,-1.38
2026-06-16,squeeze,Swedbank,SWED-A.ST,346.70,1.70,7.30,54.55,0.88,1.50,0.26,-0.89
2026-06-16,squeeze,Nordea,NDA-SE.ST,179.70,3.41,6.27,52.21,0.89,1.40,0.23,-1.16
2026-06-16,bounce,Ericsson,ERIC-B.ST,112.80,1.84,-4.45,32.93,0.12,3.60,0.36,-12.18
2026-06-16,weakest,Electrolux,ELUX-B.ST,28.09,-57.82,-43.95,44.48,0.32,7.13,0.66,-15.87
2026-06-16,weakest,Saab,SAAB-B.ST,511.70,-28.08,6.00,41.26,0.17,4.06,0.37,-12.53
2026-06-16,weakest,NIBE,NIBE-B.ST,35.46,-0.18,-15.33,30.13,0.22,2.68,0.61,-19.74
2026-06-17,momentum,SSAB,SSAB-A.ST,98.36,35.24,15.94,60.74,0.69,2.75,0.18,-4.78
2026-06-17,momentum,ABB,ABB.ST,1011.00,23.50,6.35,56.24,0.79,2.50,0.45,-1.12
2026-06-17,momentum,Atlas Copco,ATCO-A.ST,194.50,10.14,13.41,73.97,1.13,2.63,0.22,-0.10
2026-06-17,momentum,Sandvik,SAND.ST,396.50,6.84,9.96,63.81,1.00,2.69,0.22,-0.20
2026-06-17,momentum,Autoliv,ALIV-SDB.ST,1145.00,12.66,6.22,40.26,0.16,2.60,0.20,-7.29
2026-06-17,squeeze,Investor,INVE-B.ST,386.50,4.90,4.98,66.48,0.99,1.55,0.29,-0.60
2026-06-17,squeeze,Sandvik,SAND.ST,396.50,6.84,9.96,63.81,1.00,2.69,0.22,-0.20
2026-06-17,squeeze,Swedbank,SWED-A.ST,346.80,-0.74,4.81,62.02,0.81,1.63,0.38,-1.87
2026-06-17,squeeze,Nordea,NDA-SE.ST,179.30,0.90,3.58,57.81,0.78,1.37,0.22,-1.38
2026-06-17,weakest,Electrolux,ELUX-B.ST,27.64,-60.10,1.41,47.07,0.22,6.81,0.16,-17.22
2026-06-17,weakest,Tele2,TEL2-B.ST,175.05,-13.59,-5.94,51.22,0.30,1.91,0.09,-6.42
2026-06-17,weakest,Hexagon,HEXA-B.ST,83.52,-21.78,-0.99,47.01,0.47,3.07,0.35,-9.73
2026-06-19,momentum,SSAB,SSAB-A.ST,94.48,34.86,6.97,48.05,0.33,3.13,1.49,-8.54
2026-06-19,momentum,ABB,ABB.ST,1037.50,27.32,7.67,61.23,1.02,2.58,1.09,-0.48
2026-06-19,momentum,Atlas Copco,ATCO-A.ST,195.85,12.03,11.91,74.66,1.08,2.63,1.68,-0.28
2026-06-19,momentum,Sandvik,SAND.ST,406.70,10.96,9.80,68.11,1.13,2.67,2.16,0.00
2026-06-19,momentum,Epiroc,EPI-A.ST,277.20,12.70,5.80,52.19,0.81,2.62,1.08,-2.50
2026-06-19,squeeze,Investor,INVE-B.ST,391.15,6.70,5.09,68.64,1.19,1.58,1.41,0.00
2026-06-19,squeeze,H&M,HM-B.ST,170.15,-9.43,4.39,60.42,0.98,2.33,1.79,-1.93
2026-06-19,squeeze,Epiroc,EPI-A.ST,277.20,12.70,5.80,52.19,0.81,2.62,1.08,-2.50
2026-06-19,squeeze,Sandvik,SAND.ST,406.70,10.96,9.80,68.11,1.13,2.67,2.16,0.00
2026-06-19,bounce,Autoliv,ALIV-SDB.ST,1126.00,11.49,3.40,37.96,-0.02,2.68,0.77,-8.83
2026-06-19,weakest,Electrolux,ELUX-B.ST,29.00,-58.09,7.07,49.60,0.39,6.60,1.30,-13.15
2026-06-19,weakest,Hexagon,HEXA-B.ST,81.56,-23.22,-5.40,40.71,0.31,3.37,1.87,-8.95
2026-06-19,weakest,Tele2,TEL2-B.ST,173.95,-14.40,-6.63,50.99,0.25,2.04,1.17,-7.00
2026-06-22,momentum,SSAB,SSAB-A.ST,94.50,29.13,6.80,50.25,0.30,3.07,0.25,-8.52
2026-06-22,momentum,ABB,ABB.ST,1043.50,25.38,6.76,63.16,1.00,2.50,0.29,0.00
2026-06-22,momentum,Epiroc,EPI-A.ST,274.00,10.63,5.26,57.20,0.65,2.57,0.25,-3.62
2026-06-22,momentum,Sandvik,SAND.ST,399.70,6.47,6.19,68.27,0.90,2.69,0.22,-1.72
2026-06-22,momentum,Autoliv,ALIV-SDB.ST,1131.00,12.42,1.71,41.18,0.05,2.58,0.17,-8.42
2026-06-22,squeeze,Investor,INVE-B.ST,390.80,6.50,3.80,70.28,1.04,1.54,0.33,-0.09
2026-06-22,bounce,Ericsson,ERIC-B.ST,110.45,-4.11,-10.42,31.74,0.20,3.51,0.29,-14.01
2026-06-22,weakest,Electrolux,ELUX-B.ST,28.67,-59.52,6.79,48.71,0.33,6.61,0.24,-14.14
2026-06-22,weakest,Saab,SAAB-B.ST,504.90,-32.68,-4.23,34.97,0.20,3.78,0.46,-13.69
2026-06-22,weakest,Hexagon,HEXA-B.ST,81.24,-22.35,-1.86,36.10,0.30,3.19,0.18,-9.31
2026-06-23,momentum,SSAB,SSAB-A.ST,94.28,25.67,6.56,49.70,0.28,3.08,0.15,-8.73
2026-06-23,momentum,ABB,ABB.ST,1026.50,20.10,5.02,59.12,0.86,2.57,0.36,-1.53
2026-06-23,momentum,Atlas Copco,ATCO-A.ST,190.35,3.92,7.72,73.00,0.81,2.76,0.24,-3.08
2026-06-23,momentum,Autoliv,ALIV-SDB.ST,1133.00,9.48,1.89,41.67,0.07,2.60,0.07,-8.26
2026-06-23,momentum,SKF,SKF-B.ST,246.00,6.24,2.67,46.70,0.61,2.43,0.31,-2.84
2026-06-23,squeeze,Investor,INVE-B.ST,387.90,5.18,1.93,58.15,0.82,1.62,0.32,-1.49
2026-06-23,bounce,Ericsson,ERIC-B.ST,111.25,-6.53,-9.77,33.33,0.22,3.55,0.18,-13.39
2026-06-23,weakest,Electrolux,ELUX-B.ST,27.13,-63.33,-2.04,46.40,0.12,6.90,0.21,-18.75
2026-06-23,weakest,Saab,SAAB-B.ST,505.40,-33.05,-4.62,39.66,0.24,3.63,0.18,-13.61
2026-06-23,weakest,NIBE,NIBE-B.ST,35.04,-1.54,-13.16,36.17,0.07,2.53,0.14,-11.92
2026-06-24,momentum,SSAB,SSAB-A.ST,93.56,28.87,2.54,44.96,0.18,3.11,0.08,-9.43
2026-06-24,momentum,ABB,ABB.ST,1039.50,24.14,4.18,55.16,0.94,2.37,0.17,-0.34
2026-06-24,momentum,Atlas Copco,ATCO-A.ST,190.30,9.31,7.39,64.31,0.78,2.45,0.09,-3.11
2026-06-24,momentum,Sandvik,SAND.ST,396.00,7.45,3.56,58.42,0.82,2.67,0.10,-2.63
2026-06-24,momentum,SKF,SKF-B.ST,248.00,5.53,3.51,49.37,0.73,2.24,0.08,-2.05
2026-06-24,squeeze,Investor,INVE-B.ST,390.40,4.27,2.59,63.78,1.01,1.52,0.17,-0.34
2026-06-24,bounce,Autoliv,ALIV-SDB.ST,1142.00,12.06,-0.44,28.21,0.16,2.33,0.03,-7.53
2026-06-24,bounce,Epiroc,EPI-A.ST,262.30,10.45,-2.64,34.99,0.18,2.81,0.09,-7.74
2026-06-24,bounce,Ericsson,ERIC-B.ST,111.15,-6.13,-11.68,24.12,0.24,3.43,0.15,-13.47
2026-06-24,weakest,Electrolux,ELUX-B.ST,27.14,-64.96,-2.00,46.43,0.14,6.98,0.04,-18.72
2026-06-24,weakest,Saab,SAAB-B.ST,492.30,-36.63,-7.10,34.62,0.09,3.64,0.31,-15.85
2026-06-24,weakest,Hexagon,HEXA-B.ST,79.24,-27.26,-8.96,32.84,0.16,3.20,0.10,-10.83
2026-06-25,momentum,ABB,ABB.ST,1039.50,26.73,2.97,55.60,0.89,2.45,0.20,-1.24
2026-06-25,momentum,Atlas Copco,ATCO-A.ST,194.30,13.50,6.47,68.09,0.89,2.60,0.19,-1.07
2026-06-25,momentum,SSAB,SSAB-A.ST,92.82,27.99,0.11,38.63,0.13,3.11,0.09,-10.15
2026-06-25,momentum,SKF,SKF-B.ST,250.90,9.58,2.07,51.95,0.85,2.16,0.09,-0.91
2026-06-25,momentum,Autoliv,ALIV-SDB.ST,1158.00,14.88,-0.60,34.47,0.30,2.35,0.22,-6.23
2026-06-25,squeeze,Investor,INVE-B.ST,395.75,7.67,2.25,77.10,1.12,1.50,0.23,-0.09
2026-06-25,squeeze,Getinge,GETI-B.ST,196.80,-0.47,-0.58,62.82,0.84,2.06,0.07,-1.11
2026-06-25,bounce,Evolution,EVO.ST,675.40,5.74,-3.38,35.94,0.03,2.57,0.16,-8.41
2026-06-25,bounce,Epiroc,EPI-A.ST,259.60,6.71,-3.35,33.80,0.14,2.94,0.12,-8.69
2026-06-25,bounce,Ericsson,ERIC-B.ST,109.95,-4.87,-13.32,27.05,0.25,3.23,0.12,-14.40
2026-06-25,bounce,Autoliv,ALIV-SDB.ST,1158.00,14.88,-0.60,34.47,0.30,2.35,0.22,-6.23
2026-06-25,weakest,Electrolux,ELUX-B.ST,28.36,-62.20,-2.26,40.56,0.32,6.25,0.16,-15.06
2026-06-25,weakest,Saab,SAAB-B.ST,489.30,-33.26,-9.29,36.12,0.11,3.73,0.30,-16.36
2026-06-25,weakest,Hexagon,HEXA-B.ST,81.36,-23.16,-8.81,40.89,0.36,3.10,0.11,-8.44
2026-06-26,momentum,ABB,ABB.ST,1014.50,22.41,2.81,55.71,0.61,2.75,0.34,-4.16
2026-06-26,momentum,Atlas Copco,ATCO-A.ST,192.05,10.62,6.78,69.51,0.73,2.69,0.08,-2.31
2026-06-26,momentum,SSAB,SSAB-A.ST,92.12,22.15,-1.81,37.59,0.06,3.21,0.06,-10.82
2026-06-26,momentum,Investor,INVE-B.ST,393.80,6.54,2.77,67.82,0.89,1.60,0.19,-1.44
2026-06-26,momentum,Swedbank,SWED-A.ST,358.90,0.90,4.94,74.78,0.87,1.66,0.12,-0.66
2026-06-26,weakest,Electrolux,ELUX-B.ST,30.20,-59.37,6.59,37.83,0.58,5.50,0.13,-9.55
2026-06-26,weakest,Hexagon,HEXA-B.ST,80.22,-23.78,-4.95,34.08,0.29,3.10,0.14,-9.72
2026-06-26,weakest,Boliden,BOL.ST,532.60,-15.42,-4.79,46.79,0.30,3.88,0.11,-11.26
2026-06-29,momentum,ABB,ABB.ST,1018.50,21.56,3.21,58.67,0.63,2.65,0.15,-3.78
2026-06-29,momentum,Atlas Copco,ATCO-A.ST,191.25,9.44,7.99,64.56,0.69,2.68,0.07,-2.72
2026-06-29,momentum,Alfa Laval,ALFA.ST,565.60,1.22,9.02,64.23,0.91,2.17,0.12,-0.04
2026-06-29,momentum,Investor,INVE-B.ST,395.50,5.54,4.66,69.20,0.90,1.54,0.22,-1.01
2026-06-29,momentum,Nordea,NDA-SE.ST,180.95,8.53,2.06,64.69,0.74,1.51,0.14,-2.16
2026-06-29,weakest,Saab,SAAB-B.ST,494.30,-29.56,-14.21,30.69,0.20,3.83,0.33,-12.82
2026-06-29,weakest,Electrolux,ELUX-B.ST,29.84,-60.02,5.22,36.26,0.52,5.41,0.10,-10.63
2026-06-29,weakest,Hexagon,HEXA-B.ST,80.42,-23.83,-5.08,36.95,0.33,3.00,0.09,-9.50
2026-06-30,momentum,ABB,ABB.ST,1049.50,25.52,6.18,68.84,0.84,2.52,0.19,-0.85
2026-06-30,momentum,Atlas Copco,ATCO-A.ST,195.05,9.69,9.92,70.95,0.81,2.62,0.09,-0.79
2026-06-30,momentum,Alfa Laval,ALFA.ST,570.40,-0.09,9.82,71.80,0.95,2.11,0.11,-0.21
2026-06-30,momentum,Sandvik,SAND.ST,396.90,3.61,5.42,63.78,0.74,2.86,0.12,-2.41
2026-06-30,momentum,AstraZeneca,AZN.ST,1859.00,-3.80,8.55,71.14,1.02,2.15,0.18,-0.16
2026-06-30,squeeze,SKF,SKF-B.ST,248.10,1.27,2.14,58.85,0.67,2.34,0.09,-2.25
2026-06-30,squeeze,Getinge,GETI-B.ST,197.95,-4.78,4.27,59.65,0.79,1.94,0.11,-1.37
2026-06-30,bounce,SSAB,SSAB-A.ST,89.20,10.63,-6.38,35.81,-0.00,3.37,0.28,-13.65
2026-06-30,weakest,Electrolux,ELUX-B.ST,30.31,-62.39,4.16,45.86,0.58,5.02,0.05,-9.22
2026-06-30,weakest,Saab,SAAB-B.ST,499.30,-29.29,-12.30,36.86,0.29,3.82,0.30,-8.57
2026-06-30,weakest,Hexagon,HEXA-B.ST,80.68,-23.20,-5.55,45.22,0.37,2.82,0.12,-9.21
2026-07-01,momentum,ABB,ABB.ST,1055.50,29.27,7.14,73.59,0.85,2.49,0.17,-0.28
2026-07-01,momentum,Atlas Copco,ATCO-A.ST,195.85,10.67,13.34,71.23,0.81,2.52,0.10,-0.61
2026-07-01,momentum,Alfa Laval,ALFA.ST,574.80,2.83,12.44,73.39,0.94,2.10,0.13,-0.66
2026-07-01,momentum,Sandvik,SAND.ST,399.00,4.17,8.04,67.53,0.76,2.89,0.10,-1.89
2026-07-01,momentum,Essity,ESSITY-B.ST,273.10,1.60,7.35,68.80,0.72,1.55,0.11,-2.36
2026-07-01,squeeze,Getinge,GETI-B.ST,199.40,-3.50,7.44,64.66,0.88,1.97,0.13,-0.65
2026-07-01,squeeze,SKF,SKF-B.ST,249.20,2.79,5.64,67.28,0.73,2.34,0.09,-1.81
2026-07-01,bounce,Evolution,EVO.ST,653.40,6.92,-6.66,24.14,0.03,2.89,0.26,-11.39
2026-07-01,weakest,Electrolux,ELUX-B.ST,30.64,-60.90,5.66,53.96,0.61,5.04,0.10,-8.24
2026-07-01,weakest,Hexagon,HEXA-B.ST,79.84,-22.29,-7.95,47.56,0.31,2.76,0.11,-9.00
2026-07-01,weakest,Ericsson,ERIC-B.ST,106.95,-10.68,-12.84,40.13,0.23,2.75,0.12,-16.74
2026-07-02,momentum,ABB,ABB.ST,1027.00,27.39,0.79,62.59,0.65,2.64,0.30,-2.98
2026-07-02,momentum,Atlas Copco,ATCO-A.ST,193.40,9.55,6.26,65.05,0.69,2.58,0.17,-1.85
2026-07-02,momentum,Swedbank,SWED-A.ST,361.30,3.54,8.01,71.54,0.80,1.56,0.13,-0.61
2026-07-02,momentum,SKF,SKF-B.ST,259.40,8.45,4.43,73.79,1.15,2.57,0.72,-1.52
2026-07-02,momentum,SEB,SEB-A.ST,194.45,3.37,6.66,73.39,0.77,1.41,0.12,-0.79
2026-07-02,squeeze,Saab,SAAB-B.ST,537.90,-21.57,2.48,49.83,0.91,3.66,0.29,-0.83
2026-07-02,bounce,SSAB,SSAB-A.ST,89.28,13.67,-6.69,29.61,0.12,3.38,0.36,-13.57
2026-07-02,bounce,Autoliv,ALIV-SDB.ST,1113.00,3.79,-9.29,34.51,0.12,2.70,0.12,-9.88
2026-07-02,bounce,Evolution,EVO.ST,676.60,7.38,-3.76,33.94,0.29,2.74,0.15,-8.25
2026-07-02,weakest,Electrolux,ELUX-B.ST,28.22,-61.46,0.43,42.52,0.25,5.33,0.13,-15.48
2026-07-02,weakest,Ericsson,ERIC-B.ST,106.40,-11.10,-16.45,34.42,0.22,2.71,0.11,-14.50
2026-07-02,weakest,Hexagon,HEXA-B.ST,80.60,-20.18,-7.04,59.15,0.40,2.70,0.09,-8.14
2026-07-03,momentum,ABB,ABB.ST,1032.50,27.31,1.57,64.18,0.68,2.69,0.13,-2.46
2026-07-03,momentum,Atlas Copco,ATCO-A.ST,195.45,9.78,7.15,62.47,0.75,2.44,0.12,-0.81
2026-07-03,momentum,Swedbank,SWED-A.ST,362.30,3.59,8.83,66.14,0.79,1.51,0.13,-0.69
2026-07-03,momentum,SEB,SEB-A.ST,196.25,3.88,8.46,68.99,0.84,1.32,0.10,-0.53
2026-07-03,momentum,Handelsbanken,SHB-A.ST,143.00,6.19,6.88,72.46,0.79,1.13,0.12,-0.52
2026-07-03,bounce,Autoliv,ALIV-SDB.ST,1132.00,4.67,-7.36,34.00,0.28,2.61,0.08,-8.34
2026-07-03,bounce,Evolution,EVO.ST,674.40,5.22,-3.24,30.11,0.28,2.81,0.20,-8.54
2026-07-03,bounce,SSAB,SSAB-A.ST,92.62,15.72,-4.97,31.38,0.35,3.28,0.24,-10.34
2026-07-03,weakest,Electrolux,ELUX-B.ST,28.49,-61.34,-7.05,45.33,0.31,5.08,0.08,-14.68
2026-07-03,weakest,SCA,SCA-B.ST,98.76,-19.25,-3.22,44.01,0.22,1.94,0.18,-4.81
2026-07-03,weakest,Hexagon,HEXA-B.ST,82.12,-18.82,-3.37,63.59,0.63,2.65,0.08,-6.41
2026-07-06,momentum,ABB,ABB.ST,1049.00,28.69,3.20,66.50,0.80,2.70,0.52,-0.90
2026-07-06,momentum,Atlas Copco,ATCO-A.ST,197.40,10.15,8.22,64.29,0.82,2.46,0.67,-0.25
2026-07-06,momentum,Swedbank,SWED-A.ST,366.20,3.99,10.00,69.76,0.88,1.53,0.70,-0.14
2026-07-06,momentum,SEB,SEB-A.ST,197.20,3.61,8.98,70.44,0.88,1.33,0.62,-0.33
2026-07-06,momentum,Handelsbanken,SHB-A.ST,143.65,5.90,7.36,74.09,0.83,1.15,0.94,-0.28
2026-07-06,bounce,Evolution,EVO.ST,662.20,2.31,-4.99,27.53,0.15,2.97,0.78,-10.20
2026-07-06,bounce,Ericsson,ERIC-B.ST,106.45,-10.70,-16.18,23.50,0.22,2.65,0.46,-14.33
2026-07-06,weakest,Electrolux,ELUX-B.ST,28.20,-62.66,-7.99,44.00,0.27,5.17,0.71,-15.54
2026-07-06,weakest,SCA,SCA-B.ST,98.92,-19.93,-3.07,44.83,0.24,1.94,1.28,-4.66
2026-07-06,weakest,Hexagon,HEXA-B.ST,82.76,-18.93,-2.61,65.51,0.72,2.68,0.50,-5.68
2026-07-07,momentum,ABB,ABB.ST,1049.00,31.91,3.20,66.50,0.80,2.70,0.52,-0.90
2026-07-07,momentum,Atlas Copco,ATCO-A.ST,197.40,13.37,8.22,64.29,0.82,2.46,0.67,-0.25
2026-07-07,momentum,Swedbank,SWED-A.ST,366.20,7.21,10.00,69.76,0.88,1.53,0.70,-0.14
2026-07-07,momentum,SEB,SEB-A.ST,197.20,6.83,8.98,70.44,0.88,1.33,0.62,-0.33
2026-07-07,momentum,Handelsbanken,SHB-A.ST,143.65,9.12,7.36,74.09,0.83,1.15,0.94,-0.28
2026-07-07,bounce,Evolution,EVO.ST,662.20,5.54,-4.99,27.53,0.15,2.97,0.78,-10.20
2026-07-07,bounce,Ericsson,ERIC-B.ST,106.45,-7.48,-16.18,23.50,0.22,2.65,0.46,-14.33
2026-07-07,weakest,Electrolux,ELUX-B.ST,28.20,-59.43,-7.99,44.00,0.27,5.17,0.71,-15.54
2026-07-07,weakest,SCA,SCA-B.ST,98.92,-16.70,-3.07,44.83,0.24,1.94,1.28,-4.66
2026-07-07,weakest,Hexagon,HEXA-B.ST,82.76,-15.71,-2.61,65.51,0.72,2.68,0.50,-5.68
2026-07-07,momentum,ABB,ABB.ST,1049.00,31.91,3.20,66.50,0.80,2.70,0.52,-0.90
2026-07-07,momentum,Atlas Copco,ATCO-A.ST,197.40,13.37,8.22,64.29,0.82,2.46,0.67,-0.25
2026-07-07,momentum,Swedbank,SWED-A.ST,366.20,7.21,10.00,69.76,0.88,1.53,0.70,-0.14
2026-07-07,momentum,SEB,SEB-A.ST,197.20,6.83,8.98,70.44,0.88,1.33,0.62,-0.33
2026-07-07,momentum,Handelsbanken,SHB-A.ST,143.65,9.12,7.36,74.09,0.83,1.15,0.94,-0.28
2026-07-07,bounce,Evolution,EVO.ST,662.20,5.54,-4.99,27.53,0.15,2.97,0.78,-10.20
2026-07-07,bounce,Ericsson,ERIC-B.ST,106.45,-7.48,-16.18,23.50,0.22,2.65,0.46,-14.33
2026-07-07,weakest,Electrolux,ELUX-B.ST,28.20,-59.43,-7.99,44.00,0.27,5.17,0.71,-15.54
2026-07-07,weakest,SCA,SCA-B.ST,98.92,-16.70,-3.07,44.83,0.24,1.94,1.28,-4.66
2026-07-07,weakest,Hexagon,HEXA-B.ST,82.76,-15.71,-2.61,65.51,0.72,2.68,0.50,-5.68
2026-07-07,momentum,ABB,ABB.ST,1013.50,20.84,0.70,56.89,0.53,2.88,0.15,-4.25
2026-07-07,momentum,Swedbank,SWED-A.ST,368.20,4.86,10.04,74.24,0.89,1.36,0.07,-0.08
2026-07-07,momentum,SEB,SEB-A.ST,199.65,3.43,9.82,68.25,0.95,1.25,0.03,-0.10
2026-07-07,momentum,SKF,SKF-B.ST,264.50,6.06,7.35,70.39,1.03,2.28,0.04,-1.49
2026-07-07,momentum,Nordea,NDA-SE.ST,188.40,4.67,6.98,68.13,0.96,1.44,0.04,-0.16
2026-07-07,bounce,Evolution,EVO.ST,672.20,2.33,-5.22,34.21,0.29,2.81,0.06,-8.84
2026-07-07,bounce,Boliden,BOL.ST,527.00,-6.36,-7.51,31.92,0.33,3.48,0.08,-9.91
2026-07-07,weakest,Electrolux,ELUX-B.ST,27.55,-63.44,-13.66,41.96,0.17,5.12,0.03,-16.59
2026-07-07,weakest,Hexagon,HEXA-B.ST,82.98,-18.52,-4.97,63.14,0.81,2.58,0.03,-2.08
2026-07-07,weakest,SCA,SCA-B.ST,98.88,-18.55,-3.11,37.55,0.26,1.82,0.07,-4.69
2026-07-08,momentum,ABB,ABB.ST,1040.00,25.04,3.33,62.82,0.71,2.76,1.02,-1.75
2026-07-08,momentum,Swedbank,SWED-A.ST,367.40,5.42,9.80,73.79,0.87,1.37,0.51,-0.05
2026-07-08,momentum,Atlas Copco,ATCO-A.ST,194.75,7.29,7.51,58.10,0.70,2.34,0.56,-1.59
2026-07-08,momentum,SEB,SEB-A.ST,198.90,3.81,9.41,66.94,0.92,1.22,0.59,0.00
2026-07-08,momentum,SKF,SKF-B.ST,264.10,6.69,7.18,69.79,1.02,2.27,0.77,-1.64
2026-07-08,bounce,Evolution,EVO.ST,659.40,1.02,-7.02,28.70,0.16,2.89,0.78,-10.58
2026-07-08,bounce,Boliden,BOL.ST,532.20,-4.54,-6.60,34.54,0.39,3.51,0.66,-9.03
2026-07-08,weakest,Electrolux,ELUX-B.ST,27.54,-62.65,-13.69,41.92,0.17,5.18,0.95,-16.62
2026-07-08,weakest,Hexagon,HEXA-B.ST,81.58,-19.24,-6.57,56.42,0.59,2.75,0.50,-3.73
2026-07-08,weakest,SCA,SCA-B.ST,97.84,-18.69,-4.13,33.92,0.10,1.91,1.05,-5.70
2026-07-08,momentum,ABB,ABB.ST,1040.00,25.04,3.33,62.82,0.71,2.76,1.02,-1.75
2026-07-08,momentum,Swedbank,SWED-A.ST,367.40,5.42,9.80,73.79,0.87,1.37,0.51,-0.05
2026-07-08,momentum,Atlas Copco,ATCO-A.ST,194.75,7.29,7.51,58.10,0.70,2.34,0.56,-1.59
2026-07-08,momentum,SEB,SEB-A.ST,198.90,3.81,9.41,66.94,0.92,1.22,0.59,0.00
2026-07-08,momentum,SKF,SKF-B.ST,264.10,6.69,7.18,69.79,1.02,2.27,0.77,-1.64
2026-07-08,bounce,Evolution,EVO.ST,659.40,1.02,-7.02,28.70,0.16,2.89,0.78,-10.58
2026-07-08,bounce,Boliden,BOL.ST,532.20,-4.54,-6.60,34.54,0.39,3.51,0.66,-9.03
2026-07-08,weakest,Electrolux,ELUX-B.ST,27.54,-62.65,-13.69,41.92,0.17,5.18,0.95,-16.62
2026-07-08,weakest,Hexagon,HEXA-B.ST,81.58,-19.24,-6.57,56.42,0.59,2.75,0.50,-3.73
2026-07-08,weakest,SCA,SCA-B.ST,97.84,-18.69,-4.13,33.92,0.10,1.91,1.05,-5.70
2026-07-08,momentum,ABB,ABB.ST,989.20,22.21,0.18,49.72,0.33,3.07,0.12,-6.55
2026-07-08,momentum,Swedbank,SWED-A.ST,365.10,7.29,8.63,68.72,0.79,1.37,0.10,-0.76
2026-07-08,momentum,Essity,ESSITY-B.ST,278.30,7.13,8.37,71.79,0.80,1.69,0.06,-1.07
2026-07-08,momentum,SEB,SEB-A.ST,198.80,6.50,7.34,66.48,0.88,1.23,0.13,-1.00
2026-07-08,momentum,Handelsbanken,SHB-A.ST,142.20,5.50,5.65,60.44,0.66,1.18,0.25,-1.76
2026-07-08,bounce,Evolution,EVO.ST,666.20,3.67,-4.50,33.33,0.26,2.83,0.14,-9.66
2026-07-08,weakest,Electrolux,ELUX-B.ST,25.55,-64.38,-22.48,39.22,-0.15,5.62,0.48,-22.41
2026-07-08,weakest,Ericsson,ERIC-B.ST,104.60,-9.52,-13.55,31.80,0.10,2.19,0.10,-12.17
2026-07-08,weakest,NIBE,NIBE-B.ST,34.63,-16.02,-6.38,41.45,-0.05,2.82,0.28,-7.43
2026-07-09,momentum,ABB,ABB.ST,1012.50,20.86,5.87,45.31,0.45,2.88,0.30,-4.35
2026-07-09,momentum,Swedbank,SWED-A.ST,367.20,10.79,9.91,62.61,0.82,1.29,0.13,-0.92
2026-07-09,momentum,SEB,SEB-A.ST,200.90,8.34,10.14,63.89,0.94,1.25,0.10,-0.35
2026-07-09,momentum,Handelsbanken,SHB-A.ST,143.05,10.04,6.79,56.71,0.69,1.18,0.19,-2.09
2026-07-09,momentum,Nordea,NDA-SE.ST,185.85,6.86,6.75,59.77,0.74,1.44,0.15,-2.08
2026-07-09,bounce,Epiroc,EPI-A.ST,253.90,-0.66,-2.27,31.12,0.14,2.82,0.05,-8.67
2026-07-09,weakest,Electrolux,ELUX-B.ST,25.41,-62.29,-18.51,35.03,-0.02,5.46,0.39,-18.84
2026-07-09,weakest,Tele2,TEL2-B.ST,165.20,-18.40,-6.46,34.18,0.23,1.93,0.06,-11.68
2026-07-09,weakest,NIBE,NIBE-B.ST,34.06,-16.36,-6.12,42.97,-0.05,2.79,0.12,-8.95
2026-07-10,momentum,ABB,ABB.ST,1005.50,17.25,6.67,40.33,0.36,2.82,0.15,-5.01
2026-07-10,momentum,SEB,SEB-A.ST,199.35,8.20,8.64,57.83,0.83,1.27,0.07,-1.21
2026-07-10,momentum,Swedbank,SWED-A.ST,364.60,9.03,8.06,54.39,0.72,1.29,0.10,-1.62
2026-07-10,momentum,SKF,SKF-B.ST,257.10,6.79,8.94,56.34,0.72,2.41,0.16,-4.25
2026-07-10,momentum,SSAB,SSAB-A.ST,96.32,18.76,0.67,50.87,0.64,2.96,0.31,-6.76
2026-07-10,weakest,Electrolux,ELUX-B.ST,24.74,-63.48,-17.20,34.94,-0.02,5.59,0.39,-20.98
2026-07-10,weakest,Tele2,TEL2-B.ST,166.95,-17.77,-7.48,35.94,0.31,1.89,0.05,-10.75
2026-07-10,weakest,NIBE,NIBE-B.ST,34.95,-14.36,-1.96,46.81,0.26,2.82,0.16,-6.58
2026-07-13,momentum,Getinge,GETI-B.ST,208.10,6.68,10.93,71.31,0.88,1.98,0.10,-0.67
2026-07-13,momentum,SEB,SEB-A.ST,200.40,8.68,8.97,68.40,0.85,1.21,0.12,-0.69
2026-07-13,momentum,SKF,SKF-B.ST,258.80,6.55,9.34,59.08,0.75,2.40,0.07,-3.61
2026-07-13,momentum,ABB,ABB.ST,998.20,16.56,2.91,43.39,0.25,2.74,0.19,-5.70
2026-07-13,momentum,Essity,ESSITY-B.ST,278.70,10.37,6.29,60.95,0.74,1.61,0.07,-1.73
2026-07-13,squeeze,Handelsbanken,SHB-A.ST,142.95,9.25,5.85,55.31,0.63,1.21,0.14,-2.16
2026-07-13,weakest,Electrolux,ELUX-B.ST,24.52,-62.70,-18.27,37.08,0.03,5.45,0.09,-21.69
2026-07-13,weakest,Tele2,TEL2-B.ST,170.60,-15.20,-6.78,41.79,0.49,1.85,0.09,-8.23
2026-07-13,weakest,AstraZeneca,AZN.ST,1648.50,-14.92,-4.57,41.54,0.12,3.94,0.57,-13.03
2026-07-14,momentum,Getinge,GETI-B.ST,208.80,7.61,11.30,71.86,0.91,1.93,0.02,-0.33
2026-07-14,momentum,SSAB,SSAB-A.ST,99.40,22.68,1.30,58.73,0.87,2.94,0.07,-3.78
2026-07-14,momentum,ABB,ABB.ST,996.00,16.87,2.68,42.99,0.23,2.75,0.13,-5.90
2026-07-14,momentum,SKF,SKF-B.ST,257.40,6.53,8.75,57.76,0.70,2.41,0.06,-4.13
2026-07-14,momentum,SEB,SEB-A.ST,198.25,8.06,7.80,61.83,0.72,1.29,0.05,-1.76
2026-07-14,weakest,Electrolux,ELUX-B.ST,24.55,-62.09,-18.17,37.19,0.03,5.47,0.16,-21.59
2026-07-14,weakest,AstraZeneca,AZN.ST,1613.00,-16.23,-6.63,39.11,0.03,4.13,0.39,-14.90
2026-07-14,weakest,Tele2,TEL2-B.ST,171.55,-14.16,-6.26,43.61,0.53,1.87,0.04,-7.72
2026-07-15,momentum,ABB,ABB.ST,1016.00,19.22,5.31,44.27,0.42,2.74,0.11,-4.02
2026-07-15,momentum,SSAB,SSAB-A.ST,101.20,25.24,0.30,69.20,1.01,2.85,0.09,-1.22
2026-07-15,momentum,SEB,SEB-A.ST,214.10,15.29,13.34,87.13,1.32,1.58,0.28,-0.51
2026-07-15,momentum,SKF,SKF-B.ST,258.20,6.83,8.53,57.95,0.70,2.45,0.03,-3.84
2026-07-15,momentum,Essity,ESSITY-B.ST,276.40,11.07,4.26,50.68,0.59,1.59,0.12,-2.54
2026-07-15,squeeze,Autoliv,ALIV-SDB.ST,1166.00,14.67,-3.80,53.21,0.83,2.19,0.04,-1.93
2026-07-15,squeeze,Swedbank,SWED-A.ST,367.70,8.16,5.69,65.61,0.81,1.35,0.15,-0.78
2026-07-15,weakest,Ericsson,ERIC-B.ST,97.66,-13.48,-16.24,33.63,-0.28,3.85,0.24,-15.92
2026-07-15,weakest,Tele2,TEL2-B.ST,170.35,-14.23,-8.88,43.61,0.50,1.84,0.04,-6.14
2026-07-15,weakest,AstraZeneca,AZN.ST,1594.00,-15.98,-5.90,34.01,0.00,4.11,0.45,-15.91
2026-07-16,momentum,SSAB,SSAB-A.ST,100.70,24.15,-0.20,66.73,0.98,2.78,0.07,-0.64
2026-07-16,momentum,Swedbank,SWED-A.ST,366.10,8.27,5.87,61.16,0.74,1.37,0.09,-1.21
2026-07-16,momentum,SEB,SEB-A.ST,213.30,14.69,10.66,86.76,1.25,1.58,0.09,-0.61
2026-07-16,momentum,SKF,SKF-B.ST,259.50,6.81,5.70,56.10,0.72,2.43,0.09,-3.35
2026-07-16,momentum,Getinge,GETI-B.ST,207.30,5.47,5.50,60.69,0.77,1.95,0.04,-1.89
2026-07-16,squeeze,Autoliv,ALIV-SDB.ST,1173.00,15.00,-1.84,50.49,0.90,2.18,0.05,-1.01
2026-07-16,squeeze,Swedbank,SWED-A.ST,366.10,8.27,5.87,61.16,0.74,1.37,0.09,-1.21
2026-07-16,bounce,ABB,ABB.ST,958.00,12.60,-1.72,36.27,-0.17,3.28,0.92,-9.49
2026-07-16,bounce,Handelsbanken,SHB-A.ST,138.45,4.54,-0.07,43.41,-0.08,1.64,0.28,-5.24
2026-07-16,weakest,Ericsson,ERIC-B.ST,97.66,-11.53,-14.74,34.27,-0.13,3.58,0.11,-13.50
2026-07-16,weakest,Tele2,TEL2-B.ST,160.90,-17.41,-10.83,32.18,0.05,2.34,0.37,-9.12
2026-07-16,weakest,Boliden,BOL.ST,516.00,-6.43,-9.70,41.17,0.25,3.36,0.05,-11.79
2026-07-17,momentum,Autoliv,ALIV-SDB.ST,1194.00,17.78,3.20,58.11,1.00,2.21,0.08,-1.24
2026-07-17,momentum,Getinge,GETI-B.ST,227.20,12.42,16.51,78.05,1.29,2.58,0.63,-2.15
2026-07-17,momentum,Essity,ESSITY-B.ST,281.70,12.16,6.42,54.83,0.86,1.64,0.40,-0.67
2026-07-17,momentum,SSAB,SSAB-A.ST,98.84,20.73,-1.21,69.40,0.84,2.80,0.12,-2.76
2026-07-17,momentum,SEB,SEB-A.ST,216.50,15.08,12.29,87.74,1.19,1.68,0.12,-0.09
2026-07-17,squeeze,Autoliv,ALIV-SDB.ST,1194.00,17.78,3.20,58.11,1.00,2.21,0.08,-1.24
2026-07-17,squeeze,Essity,ESSITY-B.ST,281.70,12.16,6.42,54.83,0.86,1.64,0.40,-0.67
2026-07-17,bounce,ABB,ABB.ST,932.40,8.54,-5.89,36.57,-0.26,3.43,0.63,-11.91
2026-07-17,weakest,Ericsson,ERIC-B.ST,96.26,-12.46,-12.29,34.67,-0.07,3.76,0.11,-14.74
2026-07-17,weakest,Tele2,TEL2-B.ST,161.85,-16.89,-8.48,30.03,0.09,2.27,0.17,-8.59
2026-07-17,weakest,Boliden,BOL.ST,504.20,-9.54,-12.53,39.22,0.10,3.49,0.07,-13.72
2026-07-20,momentum,Getinge,GETI-B.ST,230.60,14.10,18.93,77.31,1.13,2.63,0.11,-2.29
2026-07-20,momentum,Essity,ESSITY-B.ST,280.50,11.96,4.86,56.33,0.78,2.05,0.11,-1.75
2026-07-20,momentum,Nordea,NDA-SE.ST,187.70,9.78,3.90,61.28,0.74,1.62,0.07,-1.11
2026-07-20,momentum,SEB,SEB-A.ST,214.60,17.22,10.31,84.78,0.95,1.72,0.06,-1.11
2026-07-20,momentum,Volvo,VOLV-B.ST,342.50,5.33,6.50,65.48,0.82,2.10,0.18,-2.31
2026-07-20,squeeze,Investor,INVE-B.ST,397.85,4.18,1.71,44.66,0.57,1.55,0.17,-2.40
2026-07-20,squeeze,Atlas Copco,ATCO-A.ST,195.75,3.79,-0.05,49.50,0.78,2.74,0.06,-2.12
2026-07-20,squeeze,Essity,ESSITY-B.ST,280.50,11.96,4.86,56.33,0.78,2.05,0.11,-1.75
2026-07-20,squeeze,Evolution,EVO.ST,709.00,9.61,2.37,66.37,1.01,2.92,0.33,-0.98
2026-07-20,bounce,ABB,ABB.ST,954.00,9.41,-8.05,32.70,0.08,3.44,0.17,-9.87
2026-07-20,weakest,Ericsson,ERIC-B.ST,95.24,-8.89,-13.38,30.68,0.05,3.75,0.12,-15.64
2026-07-20,weakest,Tele2,TEL2-B.ST,159.45,-13.93,-8.34,35.71,0.08,2.21,0.09,-9.89
2026-07-20,weakest,Hexagon,HEXA-B.ST,79.86,-21.12,-2.08,49.14,0.30,2.59,0.06,-4.34
2026-07-21,momentum,SSAB,SSAB-A.ST,97.94,16.20,3.66,72.32,0.72,2.82,0.15,-3.65
2026-07-21,momentum,Getinge,GETI-B.ST,231.10,13.96,19.19,77.97,1.14,2.59,0.04,-2.08
2026-07-21,momentum,Nordea,NDA-SE.ST,190.75,11.17,5.59,67.15,0.96,1.64,0.11,-0.03
2026-07-21,momentum,Essity,ESSITY-B.ST,280.10,11.42,4.71,55.87,0.75,2.06,0.09,-1.89
2026-07-21,momentum,Saab,SAAB-B.ST,582.30,-1.61,15.67,65.97,0.81,4.66,0.22,-7.57
2026-07-21,squeeze,Investor,INVE-B.ST,398.20,3.89,1.80,45.10,0.59,1.50,0.11,-2.32
2026-07-21,squeeze,Swedbank,SWED-A.ST,367.80,11.87,3.43,54.82,0.75,1.93,0.10,-1.76
2026-07-21,squeeze,Essity,ESSITY-B.ST,280.10,11.42,4.71,55.87,0.75,2.06,0.09,-1.89
2026-07-21,bounce,ABB,ABB.ST,955.80,9.23,-7.87,33.14,0.09,3.45,0.14,-9.70
2026-07-21,weakest,Tele2,TEL2-B.ST,157.20,-15.52,-9.63,33.38,-0.00,2.34,0.15,-11.16
2026-07-21,weakest,Hexagon,HEXA-B.ST,79.30,-22.05,-2.77,47.20,0.17,2.60,0.05,-5.01
2026-07-21,weakest,AstraZeneca,AZN.ST,1609.50,-13.27,-3.39,31.48,0.13,3.87,0.15,-15.09
2026-07-22,momentum,Getinge,GETI-B.ST,233.90,15.23,21.35,78.12,1.08,2.55,0.03,-0.89
2026-07-22,momentum,Saab,SAAB-B.ST,585.60,-1.85,16.44,64.03,0.81,4.73,0.21,-7.05
2026-07-22,momentum,Nordea,NDA-SE.ST,192.20,11.34,4.03,72.92,1.02,1.64,0.10,-0.16
2026-07-22,momentum,SEB,SEB-A.ST,218.00,18.23,11.45,82.97,0.98,1.90,0.15,-0.14
2026-07-22,momentum,Swedbank,SWED-A.ST,370.70,11.72,2.83,60.85,0.89,1.89,0.11,-0.99
2026-07-22,squeeze,Investor,INVE-B.ST,400.00,3.60,1.59,50.93,0.67,1.54,0.22,-1.88
2026-07-22,squeeze,Swedbank,SWED-A.ST,370.70,11.72,2.83,60.85,0.89,1.89,0.11,-0.99
2026-07-22,squeeze,Atlas Copco,ATCO-A.ST,199.45,4.34,1.86,55.16,0.99,2.81,0.18,-0.28
2026-07-22,weakest,Sandvik,SAND.ST,346.30,-14.36,-14.49,31.45,0.04,3.78,0.13,-16.17
2026-07-22,weakest,Hexagon,HEXA-B.ST,79.16,-23.74,-3.49,42.74,0.16,2.62,0.06,-5.17
2026-07-22,weakest,Boliden,BOL.ST,493.60,-11.93,-13.04,33.50,-0.02,3.68,0.29,-11.19
2026-07-23,momentum,Getinge,GETI-B.ST,229.20,15.43,16.82,69.85,0.86,2.61,0.08,-2.88
2026-07-23,momentum,Saab,SAAB-B.ST,587.10,2.44,19.57,56.36,0.77,4.43,0.23,-6.81
2026-07-23,momentum,Volvo,VOLV-B.ST,350.80,8.85,10.25,66.84,1.03,2.09,0.22,-0.37
2026-07-23,momentum,SEB,SEB-A.ST,216.30,17.64,13.75,77.05,0.85,1.84,0.09,-1.32
2026-07-23,momentum,SSAB,SSAB-A.ST,97.00,12.35,4.73,61.50,0.61,2.94,0.23,-4.57
2026-07-23,squeeze,Swedbank,SWED-A.ST,368.90,11.07,4.50,52.66,0.77,1.76,0.12,-1.47
2026-07-23,squeeze,Investor,INVE-B.ST,400.05,3.08,2.05,43.38,0.65,1.52,0.17,-1.86
2026-07-23,bounce,ABB,ABB.ST,957.80,4.89,-8.26,30.36,0.21,3.14,0.22,-9.51
2026-07-23,weakest,Tele2,TEL2-B.ST,160.90,-16.78,-7.58,41.50,0.26,2.10,0.08,-9.07
2026-07-23,weakest,Hexagon,HEXA-B.ST,79.52,-24.11,-1.07,38.49,0.28,2.54,0.10,-4.74
2026-07-23,weakest,Boliden,BOL.ST,486.30,-11.88,-8.31,37.97,0.06,3.80,0.22,-12.09
2026-07-24,momentum,Getinge,GETI-B.ST,228.30,14.76,16.36,68.69,0.84,2.65,0.04,-3.26
2026-07-24,momentum,Saab,SAAB-B.ST,592.90,3.26,20.75,57.65,0.81,4.33,0.16,-5.89
2026-07-24,momentum,SSAB,SSAB-A.ST,99.16,14.67,7.06,67.32,0.73,2.97,0.35,-2.45
2026-07-24,momentum,Volvo,VOLV-B.ST,352.60,9.20,10.81,68.30,1.08,2.10,0.11,-0.73
2026-07-24,momentum,SEB,SEB-A.ST,216.20,17.37,13.70,76.84,0.85,1.84,0.05,-1.37
2026-07-24,squeeze,Swedbank,SWED-A.ST,366.50,10.12,3.82,50.28,0.63,1.77,0.12,-2.11
2026-07-24,squeeze,Investor,INVE-B.ST,400.40,2.96,2.14,43.74,0.67,1.52,0.14,-1.78
2026-07-24,squeeze,Hexagon,HEXA-B.ST,81.96,-21.95,1.97,47.46,0.80,2.64,0.18,-1.82
2026-07-24,squeeze,NIBE,NIBE-B.ST,36.94,-14.94,2.84,57.55,0.83,2.68,0.07,-1.96
2026-07-24,bounce,ABB,ABB.ST,956.80,4.57,-8.35,30.23,0.21,3.13,0.12,-9.61
2026-07-24,weakest,Tele2,TEL2-B.ST,162.30,-16.25,-6.78,44.11,0.33,2.14,0.03,-8.28
2026-07-24,weakest,Boliden,BOL.ST,481.20,-13.03,-9.28,36.88,0.01,3.99,0.13,-13.02
2026-07-24,weakest,Telia,TELIA.ST,44.63,-5.82,-8.38,42.51,0.22,1.99,0.06,-8.94
2026-07-27,momentum,Getinge,GETI-B.ST,230.60,15.69,16.73,73.30,0.81,2.61,0.12,-2.29
2026-07-27,momentum,SSAB,SSAB-A.ST,100.15,15.59,9.67,66.52,0.76,3.17,0.23,-1.67
2026-07-27,momentum,Saab,SAAB-B.ST,589.20,-0.10,20.89,46.91,0.74,3.93,0.25,-6.48
2026-07-27,momentum,SEB,SEB-A.ST,220.10,19.03,15.27,76.01,0.88,1.84,0.16,-0.14
2026-07-27,momentum,Volvo,VOLV-B.ST,360.10,7.42,10.94,74.09,1.13,2.07,0.28,-0.22
2026-07-27,squeeze,Essity,ESSITY-B.ST,278.50,8.10,0.07,46.68,0.58,2.09,0.12,-2.45
2026-07-27,squeeze,Swedbank,SWED-A.ST,375.00,12.70,4.49,55.39,1.06,1.81,0.26,-0.16
2026-07-27,squeeze,Investor,INVE-B.ST,409.60,5.63,3.87,61.66,1.07,1.55,0.41,-0.07
2026-07-27,squeeze,H&M,HM-B.ST,167.80,-6.51,1.05,52.00,0.91,2.09,0.30,-0.97
2026-07-27,weakest,Electrolux,ELUX-B.ST,24.10,-50.94,-20.17,34.02,0.38,4.43,0.38,-23.03
2026-07-27,weakest,Ericsson,ERIC-B.ST,92.98,-15.40,-12.82,32.09,0.22,3.76,0.15,-17.64
2026-07-27,weakest,Tele2,TEL2-B.ST,162.65,-17.95,-7.77,46.82,0.38,2.04,0.08,-6.58
2026-07-28,momentum,Getinge,GETI-B.ST,229.40,15.79,16.12,71.91,0.79,2.63,0.03,-2.80
2026-07-28,momentum,SSAB,SSAB-A.ST,102.65,19.30,12.41,71.25,0.90,3.24,0.31,-0.15
2026-07-28,momentum,Saab,SAAB-B.ST,607.30,3.83,24.60,51.89,0.87,3.98,0.25,-3.60
2026-07-28,momentum,Evolution,EVO.ST,738.20,10.58,12.15,69.70,1.20,3.20,0.20,-1.44
2026-07-28,momentum,SEB,SEB-A.ST,219.50,19.41,14.95,75.62,0.86,1.85,0.05,-0.50
2026-07-28,squeeze,Swedbank,SWED-A.ST,373.00,12.79,3.93,53.83,0.96,1.82,0.12,-0.69
2026-07-28,squeeze,Essity,ESSITY-B.ST,280.50,9.63,0.79,48.63,0.74,2.13,0.18,-1.75
2026-07-28,squeeze,Investor,INVE-B.ST,405.45,5.23,2.81,58.10,0.90,1.53,0.21,-0.59
2026-07-28,squeeze,Hexagon,HEXA-B.ST,84.48,-20.96,4.32,56.21,1.11,2.53,0.11,-0.61
2026-07-28,bounce,ABB,ABB.ST,929.80,-2.06,-8.08,33.38,0.11,3.02,0.27,-12.16
2026-07-28,weakest,Electrolux,ELUX-B.ST,24.28,-49.82,-19.58,35.35,0.40,4.51,0.11,-22.45
2026-07-28,weakest,Boliden,BOL.ST,471.10,-14.94,-12.27,35.18,0.03,4.06,0.13,-14.84
2026-07-28,weakest,Sandvik,SAND.ST,348.60,-15.61,-9.62,31.51,0.22,3.27,0.09,-15.61
2026-07-29,momentum,SSAB,SSAB-A.ST,101.10,20.79,12.51,67.61,0.78,3.30,0.12,-1.94
2026-07-29,momentum,Evolution,EVO.ST,747.20,12.47,12.33,70.02,1.02,3.11,0.14,-0.82
2026-07-29,momentum,Getinge,GETI-B.ST,235.00,18.11,18.63,82.68,0.82,2.56,0.02,-0.42
2026-07-29,momentum,SEB,SEB-A.ST,218.60,17.65,13.32,76.13,0.78,1.79,0.08,-1.04
2026-07-29,momentum,Saab,SAAB-B.ST,594.40,0.31,18.22,58.16,0.71,3.77,0.40,-5.65
2026-07-29,squeeze,Essity,ESSITY-B.ST,280.10,9.88,2.11,53.26,0.66,2.01,0.06,-1.89
2026-07-29,squeeze,Swedbank,SWED-A.ST,372.40,11.77,2.87,53.78,0.85,1.76,0.13,-0.93
2026-07-29,squeeze,Investor,INVE-B.ST,408.50,5.43,1.48,65.94,0.94,1.45,0.24,-0.63
2026-07-29,squeeze,Nordea,NDA-SE.ST,190.45,6.60,3.70,60.37,0.70,1.70,0.22,-1.70
2026-07-29,bounce,ABB,ABB.ST,915.60,-2.23,-12.68,23.97,0.10,2.94,0.24,-12.72
2026-07-29,weakest,Boliden,BOL.ST,467.80,-10.11,-14.45,31.66,0.09,3.79,0.26,-14.10
2026-07-29,weakest,AstraZeneca,AZN.ST,1685.50,-7.13,-7.36,45.01,0.46,2.51,0.28,-11.08
2026-07-29,weakest,Tele2,TEL2-B.ST,168.65,-13.55,0.00,53.98,0.75,2.00,0.04,-2.06
2026-07-30,momentum,SSAB,SSAB-A.ST,99.12,16.17,10.30,61.90,0.64,3.52,0.20,-3.86
2026-07-30,momentum,Evolution,EVO.ST,751.60,10.98,12.99,71.12,1.05,3.07,0.19,-0.05
2026-07-30,momentum,Getinge,GETI-B.ST,237.70,17.35,19.99,83.86,0.87,2.57,0.04,-0.21
2026-07-30,momentum,SEB,SEB-A.ST,219.40,15.93,13.74,78.00,0.80,1.78,0.06,-0.68
2026-07-30,momentum,Saab,SAAB-B.ST,596.00,-1.58,18.54,58.67,0.73,3.72,0.13,-5.40
2026-07-30,squeeze,Essity,ESSITY-B.ST,281.00,8.08,2.44,54.28,0.74,2.05,0.05,-1.58
2026-07-30,squeeze,Swedbank,SWED-A.ST,376.30,10.81,3.95,57.28,1.04,1.76,0.15,-0.24
2026-07-30,squeeze,Investor,INVE-B.ST,408.85,3.35,1.57,66.26,0.95,1.45,0.13,-0.55
2026-07-30,bounce,ABB,ABB.ST,900.80,-6.04,-14.09,22.23,0.02,3.05,0.33,-14.13
2026-07-30,weakest,Boliden,BOL.ST,472.40,-11.36,-13.61,33.73,0.14,3.72,0.18,-13.26
2026-07-30,weakest,Epiroc,EPI-A.ST,238.80,-7.19,-10.19,35.00,0.21,3.04,0.05,-10.76
2026-07-30,weakest,AstraZeneca,AZN.ST,1685.00,-9.33,-7.39,44.90,0.46,2.50,0.27,-11.11
2026-07-31,momentum,SSAB,SSAB-A.ST,99.86,14.46,10.93,53.39,0.67,3.31,0.13,-3.14
2026-07-31,momentum,Getinge,GETI-B.ST,236.90,22.39,15.67,78.34,0.79,2.48,0.03,-0.63
2026-07-31,momentum,SEB,SEB-A.ST,224.30,17.15,14.70,82.64,0.87,1.86,0.14,-0.09
2026-07-31,momentum,Swedbank,SWED-A.ST,382.90,11.61,5.37,69.79,1.13,1.74,0.38,-0.16
2026-07-31,momentum,Evolution,EVO.ST,732.00,7.27,8.00,60.14,0.79,3.21,0.19,-2.94
2026-07-31,weakest,AstraZeneca,AZN.ST,1644.00,-11.84,-12.60,50.47,0.39,2.47,0.21,-12.18
2026-07-31,weakest,Sandvik,SAND.ST,358.80,-13.02,-9.07,35.12,0.42,3.26,0.19,-13.00
2026-07-31,weakest,Epiroc,EPI-A.ST,245.80,-13.43,-5.64,43.39,0.44,3.15,0.11,-7.77
2026-08-03,momentum,SSAB,SSAB-A.ST,101.20,15.08,12.42,56.52,0.78,3.31,0.23,-1.84
2026-08-03,momentum,Getinge,GETI-B.ST,236.90,21.39,15.67,78.34,0.79,2.55,0.12,-1.41
2026-08-03,momentum,SEB,SEB-A.ST,224.50,16.25,14.80,82.74,0.88,1.88,0.26,-0.40
2026-08-03,momentum,Swedbank,SWED-A.ST,382.30,10.42,5.20,69.44,1.11,1.75,0.21,-0.31
2026-08-03,momentum,Atlas Copco,ATCO-A.ST,203.10,8.91,5.34,66.24,0.88,2.96,0.16,-2.50
2026-08-03,squeeze,SKF,SKF-B.ST,264.00,7.30,1.23,54.04,0.87,2.36,0.22,-1.27
2026-08-03,weakest,AstraZeneca,AZN.ST,1524.00,-19.77,-18.98,33.84,0.04,3.18,2.11,-18.59
2026-08-03,weakest,Sandvik,SAND.ST,356.10,-14.73,-9.76,33.37,0.39,3.17,0.09,-13.65
2026-08-03,weakest,Epiroc,EPI-A.ST,244.50,-14.93,-6.14,42.17,0.41,3.12,0.06,-8.26
2026-08-04,momentum,SSAB,SSAB-A.ST,102.85,18.50,9.39,56.63,0.90,3.26,0.17,-0.29
2026-08-04,momentum,Getinge,GETI-B.ST,240.30,22.68,15.53,85.56,0.81,2.46,0.08,-0.21
2026-08-04,momentum,SEB,SEB-A.ST,226.00,17.87,14.60,81.53,0.89,1.77,0.19,-0.40
2026-08-04,momentum,Atlas Copco,ATCO-A.ST,207.20,12.61,4.96,68.86,0.99,3.05,0.09,-0.53
2026-08-04,momentum,Swedbank,SWED-A.ST,385.90,11.34,5.38,68.96,1.12,1.70,0.17,-0.52
2026-08-04,squeeze,Alfa Laval,ALFA.ST,573.60,-3.55,-2.58,54.80,0.87,2.35,0.09,-1.65
2026-08-04,squeeze,SKF,SKF-B.ST,265.30,8.15,-0.19,56.11,0.96,2.52,0.12,-1.01
2026-08-04,weakest,AstraZeneca,AZN.ST,1509.50,-20.73,-18.97,36.28,-0.00,3.10,1.02,-19.28
2026-08-04,weakest,Ericsson,ERIC-B.ST,96.98,-19.99,-8.90,45.86,0.45,2.42,0.16,-14.10
2026-08-04,weakest,Sandvik,SAND.ST,364.70,-11.13,-11.44,37.79,0.52,3.18,0.11,-9.73
2026-08-05,momentum,SEB,SEB-A.ST,223.60,19.35,12.42,70.82,0.79,1.53,0.17,-1.54
2026-08-05,momentum,Getinge,GETI-B.ST,239.30,26.05,16.22,85.01,0.77,2.37,0.07,-0.50
2026-08-05,momentum,SSAB,SSAB-A.ST,104.45,15.99,10.69,59.56,1.00,3.40,0.17,-1.92
2026-08-05,momentum,Evolution,EVO.ST,743.00,12.69,12.68,62.14,0.84,3.19,0.13,-1.49
2026-08-05,momentum,Atlas Copco,ATCO-A.ST,208.20,13.66,6.91,73.49,0.99,3.06,0.13,-1.79
2026-08-05,squeeze,Essity,ESSITY-B.ST,279.50,9.62,1.38,50.62,0.64,2.11,0.05,-2.10
2026-08-05,squeeze,Alfa Laval,ALFA.ST,570.20,-1.69,-2.23,55.81,0.76,2.34,0.14,-1.89
2026-08-05,squeeze,SKF,SKF-B.ST,265.70,10.06,0.61,55.25,0.93,2.44,0.22,-1.63
2026-08-05,weakest,AstraZeneca,AZN.ST,1493.50,-16.45,-17.62,31.47,-0.01,3.25,0.45,-19.60
2026-08-05,weakest,Ericsson,ERIC-B.ST,98.10,-16.35,-7.67,52.14,0.51,2.21,0.07,-13.11
2026-08-05,weakest,Sandvik,SAND.ST,373.60,-7.36,-8.12,45.19,0.65,3.30,0.11,-5.39
2026-08-06,momentum,Getinge,GETI-B.ST,238.70,20.54,19.29,63.96,0.72,1.65,0.09,-1.28
2026-08-06,momentum,SEB,SEB-A.ST,226.20,17.52,13.93,67.19,0.82,1.44,0.15,-0.79
2026-08-06,momentum,SSAB,SSAB-A.ST,104.35,13.13,12.23,60.64,0.94,3.19,0.08,-2.02
2026-08-06,momentum,Atlas Copco,ATCO-A.ST,210.00,7.74,13.33,68.59,0.94,2.35,0.10,-0.94
2026-08-06,momentum,Evolution,EVO.ST,728.20,6.47,9.54,61.25,0.66,2.97,0.15,-3.45
2026-08-06,squeeze,SSAB,SSAB-A.ST,104.35,13.13,12.23,60.64,0.94,3.19,0.08,-2.02
2026-08-06,squeeze,Alfa Laval,ALFA.ST,568.00,-3.86,2.71,55.20,0.64,2.22,0.07,-2.27
2026-08-06,squeeze,Essity,ESSITY-B.ST,283.80,6.03,3.50,51.46,0.94,1.68,0.16,-0.63
2026-08-06,weakest,AstraZeneca,AZN.ST,1541.00,-15.42,-16.61,38.30,0.15,3.40,0.14,-11.31
2026-08-06,weakest,Ericsson,ERIC-B.ST,96.58,-18.93,-8.28,53.39,0.50,2.19,0.08,-14.46
2026-08-06,weakest,Telia,TELIA.ST,43.66,-17.06,-3.68,30.05,0.13,1.88,0.12,-6.83
2026-08-07,momentum,Getinge,GETI-B.ST,238.50,19.68,19.19,63.64,0.72,1.65,0.01,-1.36
2026-08-07,momentum,SEB,SEB-A.ST,224.80,16.00,13.22,65.68,0.77,1.42,0.01,-1.40
2026-08-07,momentum,SSAB,SSAB-A.ST,103.50,11.40,11.31,58.33,0.86,3.19,0.02,-2.82
2026-08-07,momentum,Atlas Copco,ATCO-A.ST,209.90,6.93,13.28,68.41,0.93,2.31,0.02,-0.99
2026-08-07,momentum,Evolution,EVO.ST,730.60,6.09,9.90,62.16,0.68,2.84,0.02,-3.13
2026-08-07,squeeze,Essity,ESSITY-B.ST,281.40,4.32,2.63,47.97,0.76,1.67,0.01,-1.44
2026-08-07,squeeze,Alfa Laval,ALFA.ST,571.00,-4.07,3.25,56.80,0.74,2.20,0.02,-1.75
2026-08-07,weakest,AstraZeneca,AZN.ST,1535.00,-16.53,-16.94,37.74,0.13,3.44,0.08,-11.65
2026-08-07,weakest,Ericsson,ERIC-B.ST,96.80,-19.48,-8.07,53.91,0.51,2.17,0.01,-14.26
2026-08-07,weakest,Telia,TELIA.ST,43.80,-17.52,-3.38,31.52,0.16,1.92,0.01,-6.53
2026-08-07,momentum,Getinge,GETI-B.ST,238.30,19.89,19.09,63.18,0.71,1.67,0.06,-1.45
2026-08-07,momentum,SEB,SEB-A.ST,222.90,15.27,12.26,63.10,0.72,1.45,0.07,-2.24
2026-08-07,momentum,SSAB,SSAB-A.ST,102.75,10.85,10.51,56.44,0.79,3.27,0.11,-3.52
2026-08-07,momentum,Atlas Copco,ATCO-A.ST,209.30,6.92,12.95,67.38,0.91,2.32,0.03,-1.27
2026-08-07,momentum,Evolution,EVO.ST,731.00,6.46,9.96,62.31,0.68,2.85,0.10,-3.08
2026-08-07,squeeze,Essity,ESSITY-B.ST,281.30,4.59,2.59,47.83,0.75,1.67,0.03,-1.47
2026-08-07,squeeze,Alfa Laval,ALFA.ST,569.60,-4.01,3.00,56.07,0.70,2.21,0.06,-2.00
2026-08-07,weakest,AstraZeneca,AZN.ST,1535.50,-16.19,-16.91,37.79,0.13,3.44,0.22,-11.63
2026-08-07,weakest,Ericsson,ERIC-B.ST,96.38,-19.55,-8.47,52.90,0.49,2.18,0.07,-14.63
2026-08-07,weakest,Tele2,TEL2-B.ST,164.10,-18.76,-1.53,54.70,0.46,2.05,0.02,-4.70
2026-08-07,momentum,Getinge,GETI-B.ST,238.10,19.66,18.99,62.17,0.71,1.66,0.07,-1.53
2026-08-07,momentum,SEB,SEB-A.ST,223.60,15.53,12.62,62.61,0.73,1.50,0.09,-1.93
2026-08-07,momentum,SSAB,SSAB-A.ST,102.70,10.67,10.45,56.31,0.74,3.24,0.15,-3.57
2026-08-07,momentum,Atlas Copco,ATCO-A.ST,209.50,6.91,13.06,67.54,0.88,2.26,0.04,-1.27
2026-08-07,momentum,Evolution,EVO.ST,733.40,6.72,10.32,62.90,0.71,2.86,0.11,-2.76
2026-08-07,squeeze,Alfa Laval,ALFA.ST,570.60,-3.95,3.18,56.32,0.71,2.20,0.07,-1.82
2026-08-07,squeeze,Essity,ESSITY-B.ST,281.90,4.71,2.81,48.68,0.77,1.68,0.03,-1.30
2026-08-07,weakest,AstraZeneca,AZN.ST,1537.50,-16.19,-16.80,38.79,0.19,3.48,0.22,-11.51
2026-08-07,weakest,Ericsson,ERIC-B.ST,96.26,-19.78,-8.58,52.38,0.48,2.26,0.08,-14.74
2026-08-07,weakest,Telia,TELIA.ST,43.54,-17.86,-3.95,30.39,0.11,1.88,0.08,-7.08
2026-08-10,momentum,Getinge,GETI-B.ST,236.50,17.86,16.33,59.66,0.66,1.63,0.01,-2.19
2026-08-10,momentum,SEB,SEB-A.ST,222.50,15.46,10.59,66.45,0.68,1.45,0.02,-2.41
2026-08-10,momentum,Saab,SAAB-B.ST,630.90,9.80,11.86,71.87,0.79,3.41,0.09,-2.89
2026-08-10,momentum,Atlas Copco,ATCO-A.ST,209.80,8.83,9.96,70.80,0.85,2.21,0.02,-1.13
2026-08-10,momentum,SSAB,SSAB-A.ST,101.25,10.37,8.24,54.50,0.58,3.30,0.05,-4.93
2026-08-10,squeeze,Alfa Laval,ALFA.ST,570.60,-2.46,1.86,57.89,0.69,2.11,0.01,-1.82
2026-08-10,squeeze,Essity,ESSITY-B.ST,281.10,6.06,1.41,49.71,0.68,1.68,0.02,-1.58
2026-08-10,squeeze,Nordea,NDA-SE.ST,190.75,5.27,2.58,53.28,0.54,1.43,0.04,-2.38
2026-08-10,weakest,Ericsson,ERIC-B.ST,96.98,-18.98,-13.68,58.20,0.55,2.19,0.02,-14.10
2026-08-10,weakest,AstraZeneca,AZN.ST,1538.00,-15.95,-10.11,40.98,0.23,3.48,0.13,-9.48
2026-08-10,weakest,Telia,TELIA.ST,43.49,-17.82,-3.91,34.71,0.14,1.72,0.02,-7.19
2026-08-10,momentum,Getinge,GETI-B.ST,236.60,16.60,13.91,58.85,0.64,1.63,0.01,-2.15
2026-08-10,momentum,Saab,SAAB-B.ST,632.00,12.70,15.65,72.23,0.80,3.35,0.12,-2.72
2026-08-10,momentum,SEB,SEB-A.ST,221.90,14.89,10.45,60.85,0.64,1.43,0.06,-2.68
2026-08-10,momentum,Evolution,EVO.ST,742.20,12.40,8.51,70.91,0.76,2.55,0.06,-1.59
2026-08-10,momentum,Atlas Copco,ATCO-A.ST,210.80,9.58,10.31,68.54,0.88,2.28,0.03,-0.66
2026-08-10,squeeze,Alfa Laval,ALFA.ST,572.60,-2.24,2.25,54.68,0.75,1.94,0.02,-1.48
2026-08-10,squeeze,Essity,ESSITY-B.ST,280.40,7.42,0.90,55.23,0.64,1.62,0.02,-1.82
2026-08-10,squeeze,Nordea,NDA-SE.ST,190.75,5.17,2.89,50.10,0.50,1.37,0.07,-2.38
2026-08-10,weakest,Ericsson,ERIC-B.ST,96.90,-22.98,-12.07,61.20,0.70,2.14,0.05,-8.06
2026-08-10,weakest,AstraZeneca,AZN.ST,1536.00,-17.25,-8.08,40.43,0.22,3.45,0.21,-9.59
2026-08-10,weakest,Telia,TELIA.ST,43.45,-18.72,-4.46,38.34,0.14,1.75,0.03,-7.28
2026-08-10,momentum,Getinge,GETI-B.ST,236.50,16.68,13.87,58.59,0.64,1.64,0.01,-2.19
2026-08-10,momentum,Saab,SAAB-B.ST,633.50,13.11,15.92,73.06,0.81,3.34,0.15,-2.49
2026-08-10,momentum,SEB,SEB-A.ST,221.50,14.80,10.25,60.00,0.62,1.45,0.08,-2.85
2026-08-10,momentum,Atlas Copco,ATCO-A.ST,211.00,9.82,10.41,68.72,0.88,2.27,0.04,-0.57
2026-08-10,momentum,Evolution,EVO.ST,739.00,12.02,8.04,70.15,0.73,2.56,0.07,-2.02
2026-08-10,squeeze,Alfa Laval,ALFA.ST,572.00,-2.22,2.14,54.34,0.73,1.95,0.03,-1.58
2026-08-10,squeeze,Essity,ESSITY-B.ST,279.70,7.26,0.65,53.99,0.58,1.65,0.03,-2.07
2026-08-10,squeeze,Nordea,NDA-SE.ST,190.60,5.21,2.80,49.80,0.49,1.38,0.08,-2.46
2026-08-10,weakest,Ericsson,ERIC-B.ST,97.08,-22.70,-11.91,61.58,0.72,2.14,0.06,-7.89
2026-08-10,weakest,AstraZeneca,AZN.ST,1534.00,-17.24,-8.20,40.14,0.21,3.46,0.22,-9.71
2026-08-10,weakest,Telia,TELIA.ST,43.35,-18.79,-4.68,37.71,0.12,1.77,0.04,-7.49
2026-08-11,momentum,Getinge,GETI-B.ST,238.10,16.64,14.64,61.80,0.67,1.62,0.02,-1.53
2026-08-11,momentum,Saab,SAAB-B.ST,656.50,16.61,20.13,77.25,0.94,3.51,0.35,-2.03
2026-08-11,momentum,SEB,SEB-A.ST,220.90,13.60,9.96,58.76,0.60,1.47,0.03,-3.11
2026-08-11,momentum,SSAB,SSAB-A.ST,102.75,11.34,9.85,57.51,0.74,3.36,0.12,-3.52
2026-08-11,momentum,Evolution,EVO.ST,740.40,11.37,8.25,70.48,0.74,2.57,0.05,-1.83
2026-08-11,squeeze,Alfa Laval,ALFA.ST,568.20,-3.68,1.43,56.58,0.61,2.14,0.03,-2.24
2026-08-11,squeeze,Essity,ESSITY-B.ST,279.60,6.35,0.61,53.82,0.57,1.63,0.03,-2.10
2026-08-11,weakest,Ericsson,ERIC-B.ST,95.06,-25.33,-13.74,55.72,0.50,2.26,0.08,-9.81
2026-08-11,weakest,AstraZeneca,AZN.ST,1533.00,-17.02,-10.40,40.28,0.21,3.48,0.18,-9.77
2026-08-11,weakest,Telia,TELIA.ST,42.93,-20.52,-5.61,35.25,0.03,1.87,0.03,-8.39
2026-08-12,momentum,Saab,SAAB-B.ST,665.80,22.44,25.74,76.98,0.98,3.33,0.26,-0.60
2026-08-12,momentum,Getinge,GETI-B.ST,237.30,16.19,12.89,57.98,0.63,1.59,0.03,-1.86
2026-08-12,momentum,Atlas Copco,ATCO-A.ST,211.90,12.17,12.12,66.47,0.88,2.16,0.04,-0.14
2026-08-12,momentum,SEB,SEB-A.ST,219.70,14.44,9.93,53.36,0.50,1.44,0.05,-3.64
2026-08-12,momentum,SSAB,SSAB-A.ST,103.15,16.73,4.61,63.29,0.76,2.81,0.05,-3.15
2026-08-12,weakest,Ericsson,ERIC-B.ST,97.42,-22.86,-13.60,60.67,0.80,2.26,0.11,-2.82
2026-08-12,weakest,AstraZeneca,AZN.ST,1509.50,-20.53,-8.04,33.95,0.15,3.49,0.15,-11.15
2026-08-12,weakest,Telia,TELIA.ST,43.00,-20.28,-7.53,35.54,0.09,1.86,0.03,-8.08
2026-08-13,momentum,Saab,SAAB-B.ST,685.00,32.38,30.63,78.31,1.06,3.34,0.19,-0.17
2026-08-13,momentum,Getinge,GETI-B.ST,239.60,18.71,15.36,63.01,0.69,1.53,0.01,-0.91
2026-08-13,momentum,Hexagon,HEXA-B.ST,95.54,24.53,19.90,78.65,0.69,3.02,0.03,-2.91
2026-08-13,momentum,SEB,SEB-A.ST,224.50,19.30,10.16,65.85,0.76,1.43,0.06,-1.54
2026-08-13,momentum,SSAB,SSAB-A.ST,105.75,18.03,5.54,69.73,0.97,2.90,0.30,-0.70
2026-08-13,squeeze,SSAB,SSAB-A.ST,105.75,18.03,5.54,69.73,0.97,2.90,0.30,-0.70
2026-08-13,squeeze,Nordea,NDA-SE.ST,194.10,7.68,4.69,51.76,0.85,1.46,0.18,-0.67
2026-08-13,weakest,Ericsson,ERIC-B.ST,97.78,-21.68,-11.27,61.34,0.78,2.26,0.04,-7.23
2026-08-13,weakest,AstraZeneca,AZN.ST,1501.50,-18.75,-10.14,33.33,0.15,3.45,0.08,-11.62
2026-08-13,weakest,Telia,TELIA.ST,43.45,-18.94,-7.16,40.94,0.23,1.83,0.05,-6.66
2026-08-14,momentum,Saab,SAAB-B.ST,699.80,37.91,34.47,84.99,1.14,3.34,0.37,-0.36
2026-08-14,momentum,Getinge,GETI-B.ST,240.20,19.97,16.26,74.87,0.81,1.49,0.06,-0.66
2026-08-14,momentum,Hexagon,HEXA-B.ST,96.28,24.83,20.05,75.96,0.70,2.83,0.10,-2.15
2026-08-14,momentum,SSAB,SSAB-A.ST,106.90,22.31,8.42,71.10,1.03,2.82,0.18,-0.37
2026-08-14,momentum,SEB,SEB-A.ST,221.40,16.43,10.78,61.66,0.59,1.38,0.03,-2.89
2026-08-14,squeeze,Skanska,SKA-B.ST,269.10,3.60,6.03,59.07,0.67,1.41,0.14,-2.00
2026-08-14,squeeze,Getinge,GETI-B.ST,240.20,19.97,16.26,74.87,0.81,1.49,0.06,-0.66
2026-08-14,squeeze,Nordea,NDA-SE.ST,191.65,6.39,3.45,56.34,0.59,1.24,0.06,-1.92
2026-08-14,squeeze,SSAB,SSAB-A.ST,106.90,22.31,8.42,71.10,1.03,2.82,0.18,-0.37
2026-08-14,bounce,Volvo,VOLV-B.ST,339.20,-0.11,0.21,34.46,0.13,2.09,0.08,-9.43
2026-08-14,weakest,AstraZeneca,AZN.ST,1489.50,-20.65,-9.26,32.45,0.14,3.43,0.23,-12.33
2026-08-14,weakest,Telia,TELIA.ST,43.39,-18.44,-6.69,39.94,0.24,1.73,0.05,-7.25
2026-08-14,weakest,Ericsson,ERIC-B.ST,98.22,-23.85,0.95,66.67,0.87,2.17,0.04,-0.93
2026-08-17,momentum,Saab,SAAB-B.ST,687.90,26.84,21.32,77.82,0.94,3.21,0.15,-2.05
2026-08-17,momentum,Hexagon,HEXA-B.ST,94.80,5.35,20.37,70.22,0.61,2.73,0.03,-3.66
2026-08-17,momentum,SSAB,SSAB-A.ST,107.65,19.86,7.89,65.77,0.94,2.36,0.08,-0.32
2026-08-17,momentum,Electrolux,ELUX-B.ST,29.21,0.15,22.83,67.06,0.62,5.02,0.03,-7.88
2026-08-17,momentum,Atlas Copco,ATCO-A.ST,208.50,14.55,6.65,74.09,0.67,1.83,0.02,-1.79
2026-08-17,squeeze,Nordea,NDA-SE.ST,191.75,3.75,2.08,50.67,0.52,1.18,0.07,-1.87
2026-08-17,squeeze,SKF,SKF-B.ST,265.80,8.34,6.70,62.04,0.88,1.66,0.18,-1.59
2026-08-17,squeeze,Getinge,GETI-B.ST,239.10,15.59,2.84,62.26,0.68,1.33,0.01,-1.28
2026-08-17,bounce,Volvo,VOLV-B.ST,340.00,0.17,0.44,34.15,0.18,1.94,0.07,-9.21
2026-08-17,weakest,AstraZeneca,AZN.ST,1495.50,-21.64,-8.59,30.82,0.23,3.19,0.24,-11.98
2026-08-17,weakest,Telia,TELIA.ST,43.97,-20.60,-4.93,37.01,0.44,1.66,0.04,-4.10
2026-08-17,weakest,Ericsson,ERIC-B.ST,97.68,-25.32,2.54,56.22,0.76,2.07,0.04,-1.47
2026-08-18,momentum,Saab,SAAB-B.ST,696.70,37.52,33.88,73.03,0.98,3.12,0.12,-0.80,696.70,670.65,740.11,1.67,10,LONG
2026-08-18,momentum,Hexagon,HEXA-B.ST,93.98,21.93,17.18,60.36,0.60,2.67,0.02,-4.49,93.98,90.97,99.00,1.67,10,LONG
2026-08-18,momentum,Getinge,GETI-B.ST,239.00,19.59,15.68,70.72,0.69,1.48,0.01,-1.32,239.00,234.76,246.07,1.67,10,LONG
2026-08-18,momentum,SSAB,SSAB-A.ST,108.10,21.07,7.72,70.36,0.97,2.60,0.11,-0.46,108.10,104.73,113.72,1.67,10,LONG
2026-08-18,momentum,Atlas Copco,ATCO-A.ST,205.30,11.97,9.87,53.75,0.54,2.01,0.04,-3.30,205.30,200.34,213.56,1.67,10,LONG
2026-08-18,squeeze,Nordea,NDA-SE.ST,190.80,6.03,2.50,51.03,0.41,1.25,0.09,-2.35,190.80,187.94,196.76,2.08,15,LONG
2026-08-18,squeeze,SKF,SKF-B.ST,263.50,9.33,1.23,51.87,0.75,1.49,0.02,-2.44,263.50,258.80,273.29,2.08,15,LONG
2026-08-18,squeeze,Getinge,GETI-B.ST,239.00,19.59,15.68,70.72,0.69,1.48,0.01,-1.32,239.00,234.76,247.84,2.08,15,LONG
2026-08-18,bounce,Essity,ESSITY-B.ST,268.10,1.04,-3.87,39.48,-0.25,1.66,0.03,-6.13,268.10,262.75,274.79,1.25,5,LONG
2026-08-18,weakest,AstraZeneca,AZN.ST,1492.50,-19.34,-8.41,32.50,0.22,3.30,0.06,-12.15,1492.50,1551.64,1393.93,1.67,10,SHORT
2026-08-18,weakest,Ericsson,ERIC-B.ST,96.60,-24.97,-0.72,42.86,0.63,2.21,0.04,-2.56,96.60,99.16,92.33,1.67,10,SHORT
2026-08-18,weakest,Telia,TELIA.ST,43.67,-18.35,-5.13,46.90,0.35,1.70,0.02,-6.19,43.67,44.56,42.19,1.67,10,SHORT
2026-08-19,momentum,Saab,SAAB-B.ST,686.50,29.49,21.08,70.28,0.88,3.18,0.07,-2.25,686.50,660.29,730.19,1.67,10,LONG
2026-08-19,momentum,Hexagon,HEXA-B.ST,94.90,8.40,20.49,67.55,0.61,2.50,0.01,-3.56,94.90,92.05,99.65,1.67,10,LONG
2026-08-19,momentum,SSAB,SSAB-A.ST,104.00,18.49,4.23,59.01,0.64,2.67,0.05,-4.06,104.00,100.66,109.56,1.67,10,LONG
2026-08-19,momentum,Electrolux,ELUX-B.ST,28.13,-0.88,18.29,51.13,0.54,5.21,0.02,-11.29,28.13,26.37,31.06,1.67,10,LONG
2026-08-19,momentum,SEB,SEB-A.ST,219.70,16.89,2.04,60.43,0.38,1.40,0.03,-3.64,219.70,216.01,225.84,1.67,10,LONG
2026-08-19,squeeze,Nordea,NDA-SE.ST,190.80,6.13,1.57,55.07,0.37,1.18,0.04,-2.35,190.80,188.09,196.44,2.08,15,LONG
2026-08-19,squeeze,Getinge,GETI-B.ST,240.00,18.99,3.23,78.21,0.73,1.28,0.01,-0.91,240.00,236.31,247.70,2.08,15,LONG
2026-08-19,bounce,Essity,ESSITY-B.ST,269.90,2.00,-4.56,41.89,-0.03,1.52,0.01,-5.50,269.90,264.98,276.05,1.25,5,LONG
2026-08-19,bounce,Alfa Laval,ALFA.ST,550.20,-2.88,-1.68,43.07,0.03,1.65,0.02,-5.33,550.20,539.30,563.83,1.25,5,LONG
2026-08-19,weakest,Telia,TELIA.ST,43.91,-17.79,-5.06,47.38,0.44,1.68,0.05,-4.23,43.91,44.79,42.44,1.67,10,SHORT
2026-08-19,weakest,AstraZeneca,AZN.ST,1535.00,-16.45,-6.17,37.02,0.38,3.18,0.07,-9.65,1535.00,1593.50,1437.50,1.67,10,SHORT
2026-08-19,weakest,Ericsson,ERIC-B.ST,96.88,-23.05,1.70,43.52,0.65,2.10,0.04,-2.28,96.88,99.32,92.81,1.67,10,SHORT
2026-08-20,momentum,Saab,SAAB-B.ST,671.20,27.60,18.38,62.97,0.75,3.19,0.08,-4.43,671.20,645.48,714.07,1.67,10,LONG
2026-08-20,momentum,Hexagon,HEXA-B.ST,97.84,12.98,24.23,73.84,0.70,1.93,0.05,-0.73,97.84,95.58,101.61,1.67,10,LONG
2026-08-20,momentum,Electrolux,ELUX-B.ST,28.65,2.11,20.48,53.70,0.56,3.79,0.03,-9.65,28.65,27.35,30.82,1.67,10,LONG
2026-08-20,momentum,H&M,HM-B.ST,182.65,9.05,11.00,68.11,0.87,1.89,0.03,-0.16,182.65,178.51,189.55,1.67,10,LONG
2026-08-20,momentum,Evolution,EVO.ST,782.00,6.86,13.10,74.55,0.91,2.29,0.06,-1.78,782.00,760.52,817.80,1.67,10,LONG
2026-08-20,squeeze,Getinge,GETI-B.ST,244.10,22.17,4.99,81.80,0.94,1.30,0.01,-0.16,244.10,240.29,252.05,2.08,15,LONG
2026-08-20,bounce,Nordea,NDA-SE.ST,188.65,5.98,0.43,48.92,0.03,1.23,0.06,-3.45,188.65,185.86,192.14,1.25,5,LONG
2026-08-20,weakest,Telia,TELIA.ST,43.60,-17.31,-5.73,45.34,0.36,1.65,0.02,-4.91,43.60,44.46,42.16,1.67,10,SHORT
2026-08-20,weakest,Ericsson,ERIC-B.ST,95.58,-23.06,0.34,40.88,0.49,2.09,0.04,-3.59,95.58,97.97,91.59,1.67,10,SHORT
2026-08-20,weakest,AstraZeneca,AZN.ST,1552.50,-14.37,-5.10,39.46,0.45,3.13,0.14,-8.62,1552.50,1610.87,1455.21,1.67,10,SHORT
2026-08-21,momentum,Saab,SAAB-B.ST,657.30,21.56,12.01,65.10,0.63,3.24,0.08,-6.41,657.30,631.77,699.84,1.67,10,LONG
2026-08-21,momentum,Hexagon,HEXA-B.ST,98.36,10.52,23.07,70.74,0.72,1.89,0.02,-0.65,98.36,96.13,102.08,1.67,10,LONG
2026-08-21,momentum,Evolution,EVO.ST,810.00,13.23,17.22,74.79,1.13,2.34,0.07,-0.42,810.00,787.25,847.91,1.67,10,LONG
2026-08-21,momentum,Electrolux,ELUX-B.ST,28.87,1.76,27.69,56.46,0.54,3.43,0.03,-8.96,28.87,27.68,30.85,1.67,10,LONG
2026-08-21,momentum,H&M,HM-B.ST,182.05,8.73,11.28,64.32,0.85,1.90,0.03,-0.33,182.05,177.91,188.96,1.67,10,LONG
2026-08-21,squeeze,Skanska,SKA-B.ST,270.40,6.55,2.54,63.72,0.76,1.35,0.05,-1.53,270.40,266.01,279.54,2.08,15,LONG
2026-08-21,squeeze,Getinge,GETI-B.ST,244.30,22.00,4.76,79.15,0.94,1.36,0.01,-0.85,244.30,240.31,252.60,2.08,15,LONG
2026-08-21,squeeze,Handelsbanken,SHB-A.ST,147.05,4.35,3.01,54.58,0.59,1.15,0.05,-1.70,147.05,145.01,151.29,2.08,15,LONG
2026-08-21,squeeze,SCA,SCA-B.ST,109.75,7.93,3.83,64.38,0.62,1.66,0.05,-2.36,109.75,107.56,114.31,2.08,15,LONG
2026-08-21,bounce,SSAB,SSAB-A.ST,96.34,3.11,-0.82,38.06,-0.05,3.29,0.32,-11.45,96.34,92.53,101.10,1.25,5,LONG
2026-08-21,weakest,Ericsson,ERIC-B.ST,97.26,-25.20,4.60,35.65,0.67,1.91,0.03,-1.90,97.26,99.49,93.54,1.67,10,SHORT
2026-08-21,weakest,AstraZeneca,AZN.ST,1549.50,-14.09,-6.01,47.73,0.46,2.87,0.04,-8.80,1549.50,1602.81,1460.64,1.67,10,SHORT
2026-08-21,weakest,Telia,TELIA.ST,43.86,-15.73,-2.47,44.18,0.46,1.48,0.02,-4.34,43.86,44.64,42.56,1.67,10,SHORT
2026-08-24,momentum,Hexagon,HEXA-B.ST,99.32,12.17,19.15,72.13,0.77,1.78,0.03,-1.17,99.32,97.20,102.85,1.67,10,LONG
2026-08-24,momentum,Saab,SAAB-B.ST,658.20,17.73,12.05,66.67,0.60,2.90,0.11,-6.28,658.20,635.29,696.39,1.67,10,LONG
2026-08-24,momentum,Electrolux,ELUX-B.ST,29.33,-4.73,28.47,57.13,0.53,3.49,0.08,-7.51,29.33,28.10,31.38,1.67,10,LONG
2026-08-24,momentum,Evolution,EVO.ST,825.00,13.98,18.71,77.03,1.06,2.25,0.09,-0.55,825.00,802.75,862.09,1.67,10,LONG
2026-08-24,momentum,H&M,HM-B.ST,182.85,9.00,11.43,69.24,0.89,1.68,0.04,-0.54,182.85,179.16,188.99,1.67,10,LONG
2026-08-24,squeeze,Getinge,GETI-B.ST,243.70,22.45,5.82,77.43,0.85,1.35,0.02,-1.18,243.70,239.75,251.93,2.08,15,LONG
2026-08-24,squeeze,SKF,SKF-B.ST,264.70,4.44,3.48,55.19,0.81,1.40,0.07,-2.00,264.70,260.24,273.99,2.08,15,LONG
2026-08-24,squeeze,Skanska,SKA-B.ST,270.90,4.10,2.46,65.15,0.76,1.31,0.09,-1.35,270.90,266.65,279.76,2.08,15,LONG
2026-08-24,squeeze,SCA,SCA-B.ST,111.80,7.64,6.68,68.71,0.96,1.42,0.06,-0.53,111.80,109.89,115.78,2.08,15,LONG
2026-08-24,bounce,Swedbank,SWED-A.ST,366.70,2.77,-1.16,41.25,-0.05,1.35,0.19,-6.09,366.70,360.77,374.11,1.25,5,LONG
2026-08-24,bounce,SEB,SEB-A.ST,216.70,12.12,-0.87,47.52,0.05,1.35,0.09,-4.96,216.70,213.19,221.09,1.25,5,LONG
2026-08-24,weakest,Ericsson,ERIC-B.ST,96.14,-28.25,5.05,46.12,0.44,1.80,0.03,-3.03,96.14,98.22,92.68,1.67,10,SHORT
2026-08-24,weakest,AstraZeneca,AZN.ST,1568.00,-14.55,-4.97,50.43,0.57,2.23,0.09,-7.71,1568.00,1609.96,1498.07,1.67,10,SHORT
2026-08-24,weakest,Telia,TELIA.ST,43.77,-15.91,-1.82,44.53,0.48,1.39,0.04,-4.54,43.77,44.50,42.55,1.67,10,SHORT
2026-08-25,momentum,Saab,SAAB-B.ST,640.10,13.64,8.97,59.14,0.47,3.05,0.07,-8.86,640.10,616.69,679.11,1.67,10,LONG
2026-08-25,momentum,Evolution,EVO.ST,831.40,14.16,19.63,77.98,1.09,2.27,0.07,-0.29,831.40,808.79,869.09,1.67,10,LONG
2026-08-25,momentum,Hexagon,HEXA-B.ST,100.20,12.46,20.20,75.55,0.84,1.76,0.05,-0.60,100.20,98.08,103.73,1.67,10,LONG
2026-08-25,momentum,H&M,HM-B.ST,184.15,9.06,12.22,70.68,0.97,1.72,0.03,-0.54,184.15,180.35,190.48,1.67,10,LONG
2026-08-25,momentum,Electrolux,ELUX-B.ST,29.27,-5.67,28.21,56.80,0.52,3.58,0.07,-7.69,29.27,28.01,31.36,1.67,10,LONG
2026-08-25,squeeze,Getinge,GETI-B.ST,245.00,22.39,6.38,79.72,0.95,1.32,0.02,-0.65,245.00,241.11,253.11,2.08,15,LONG
2026-08-25,squeeze,Nordea,NDA-SE.ST,192.70,2.81,1.05,59.49,0.74,1.21,0.12,-1.38,192.70,189.91,198.52,2.08,15,LONG
2026-08-25,squeeze,Skanska,SKA-B.ST,272.30,3.92,2.99,66.98,0.86,1.32,0.04,-0.84,272.30,268.00,281.26,2.08,15,LONG
2026-08-25,squeeze,SKF,SKF-B.ST,270.20,5.95,5.63,61.45,1.16,1.53,0.06,-0.48,270.20,265.25,280.52,2.08,15,LONG
2026-08-25,weakest,Ericsson,ERIC-B.ST,97.58,-27.86,6.62,52.05,0.71,1.81,0.05,-1.57,97.58,99.70,94.05,1.67,10,SHORT
2026-08-25,weakest,AstraZeneca,AZN.ST,1579.00,-14.66,-4.30,52.29,0.61,2.19,0.15,-7.06,1579.00,1620.57,1509.71,1.67,10,SHORT
2026-08-25,weakest,Telia,TELIA.ST,44.03,-16.12,-1.23,46.95,0.56,1.41,0.09,-3.97,44.03,44.77,42.79,1.67,10,SHORT
2026-08-26,momentum,Hexagon,HEXA-B.ST,99.92,12.16,18.42,73.37,0.89,1.79,0.02,-0.97,99.92,97.77,103.50,1.67,10,LONG
2026-08-26,momentum,Getinge,GETI-B.ST,242.70,20.12,5.38,72.04,0.73,1.34,0.02,-1.58,242.70,238.78,249.23,1.67,10,LONG
2026-08-26,momentum,Boliden,BOL.ST,586.40,-1.40,23.74,69.75,1.02,2.77,0.06,-0.10,586.40,566.87,618.94,1.67,10,LONG
2026-08-26,momentum,Electrolux,ELUX-B.ST,29.43,-2.35,21.36,58.63,0.51,3.35,0.05,-7.19,29.43,28.25,31.40,1.67,10,LONG
2026-08-26,momentum,Evolution,EVO.ST,836.00,15.29,12.73,80.75,1.03,2.21,0.05,-0.43,836.00,813.82,872.97,1.67,10,LONG
2026-08-26,squeeze,Getinge,GETI-B.ST,242.70,20.12,5.38,72.04,0.73,1.34,0.02,-1.58,242.70,238.78,250.86,2.08,15,LONG
2026-08-26,squeeze,Skanska,SKA-B.ST,272.70,2.08,3.22,69.07,0.87,1.34,0.10,-0.69,272.70,268.30,281.86,2.08,15,LONG
2026-08-26,squeeze,SKF,SKF-B.ST,272.20,2.26,6.33,62.09,1.17,1.45,0.05,-0.40,272.20,267.46,282.08,2.08,15,LONG
2026-08-26,squeeze,Nordea,NDA-SE.ST,193.95,2.52,0.26,61.56,0.93,1.15,0.10,-0.74,193.95,191.27,199.53,2.08,15,LONG
2026-08-26,weakest,Ericsson,ERIC-B.ST,97.82,-25.55,4.78,55.59,0.75,1.74,0.04,-1.33,97.82,99.86,94.41,1.67,10,SHORT
2026-08-26,weakest,Telia,TELIA.ST,43.81,-17.58,-2.67,46.81,0.53,1.31,0.05,-4.41,43.81,44.50,42.66,1.67,10,SHORT
2026-08-26,weakest,AstraZeneca,AZN.ST,1609.50,-14.15,-4.00,55.56,0.78,2.04,0.05,-5.27,1609.50,1648.89,1543.86,1.67,10,SHORT
2026-08-27,momentum,Getinge,GETI-B.ST,243.80,22.34,2.39,62.78,0.75,1.41,0.06,-1.14,243.80,239.69,250.66,1.67,10,LONG
2026-08-27,momentum,Atlas Copco,ATCO-A.ST,209.30,11.87,7.83,62.69,0.68,1.70,0.16,-1.41,209.30,205.04,216.40,1.67,10,LONG
2026-08-27,momentum,Saab,SAAB-B.ST,649.90,8.08,8.39,57.97,0.49,2.82,0.27,-7.46,649.90,627.87,686.61,1.67,10,LONG
2026-08-27,momentum,SEB,SEB-A.ST,222.50,14.25,1.74,61.11,0.57,1.21,0.13,-2.41,222.50,219.26,227.90,1.67,10,LONG
2026-08-27,momentum,Evolution,EVO.ST,835.60,13.84,11.24,75.84,0.90,2.18,0.16,-0.67,835.60,813.73,872.06,1.67,10,LONG
2026-08-27,squeeze,Handelsbanken,SHB-A.ST,146.85,1.54,2.55,60.47,0.48,1.17,0.15,-1.84,146.85,144.79,151.14,2.08,15,LONG
2026-08-27,squeeze,Getinge,GETI-B.ST,243.80,22.34,2.39,62.78,0.75,1.41,0.06,-1.14,243.80,239.69,252.37,2.08,15,LONG
2026-08-27,squeeze,SEB,SEB-A.ST,222.50,14.25,1.74,61.11,0.57,1.21,0.13,-2.41,222.50,219.26,229.25,2.08,15,LONG
2026-08-27,squeeze,Atlas Copco,ATCO-A.ST,209.30,11.87,7.83,62.69,0.68,1.70,0.16,-1.41,209.30,205.04,218.18,2.08,15,LONG
2026-08-27,weakest,Ericsson,ERIC-B.ST,97.04,-25.28,0.83,54.81,0.57,1.86,0.28,-2.12,97.04,99.20,93.44,1.67,10,SHORT
2026-08-27,weakest,Telia,TELIA.ST,43.46,-18.30,-4.27,42.49,0.41,1.24,0.15,-3.34,43.46,44.10,42.39,1.67,10,SHORT
2026-08-27,weakest,AstraZeneca,AZN.ST,1578.00,-13.93,-6.82,50.89,0.73,1.96,0.19,-4.62,1578.00,1615.11,1516.14,1.67,10,SHORT
2026-08-27,momentum,Getinge,GETI-B.ST,245.40,23.42,3.07,67.47,0.88,1.41,0.51,-0.49,245.40,241.23,252.34,1.67,10,LONG
2026-08-27,momentum,Evolution,EVO.ST,831.00,13.42,10.62,74.43,0.88,2.27,0.82,-1.21,831.00,808.39,868.69,1.67,10,LONG
2026-08-27,momentum,Atlas Copco,ATCO-A.ST,208.50,11.66,7.42,61.69,0.63,1.71,1.16,-1.79,208.50,204.22,215.63,1.67,10,LONG
2026-08-27,momentum,NIBE,NIBE-B.ST,43.12,13.04,14.93,79.27,0.98,2.74,0.79,-0.09,43.12,41.70,45.48,1.67,10,LONG
2026-08-27,momentum,Boliden,BOL.ST,566.80,-7.41,22.37,61.74,0.81,2.84,1.26,-4.58,566.80,547.46,599.03,1.67,10,LONG
2026-08-27,squeeze,Handelsbanken,SHB-A.ST,147.20,2.04,2.79,61.44,0.55,1.19,1.02,-1.60,147.20,145.09,151.59,2.08,15,LONG
2026-08-27,squeeze,Getinge,GETI-B.ST,245.40,23.42,3.07,67.47,0.88,1.41,0.51,-0.49,245.40,241.23,254.08,2.08,15,LONG
2026-08-27,squeeze,Atlas Copco,ATCO-A.ST,208.50,11.66,7.42,61.69,0.63,1.71,1.16,-1.79,208.50,204.22,217.41,2.08,15,LONG
2026-08-27,squeeze,Skanska,SKA-B.ST,274.90,3.94,4.05,70.16,0.92,1.38,1.01,-0.72,274.90,270.35,284.38,2.08,15,LONG
2026-08-27,weakest,Ericsson,ERIC-B.ST,96.20,-25.74,-0.04,51.79,0.37,1.89,1.34,-2.97,96.20,98.39,92.55,1.67,10,SHORT
2026-08-27,weakest,Telia,TELIA.ST,43.44,-18.10,-4.32,42.32,0.40,1.30,1.01,-3.38,43.44,44.12,42.31,1.67,10,SHORT
2026-08-27,weakest,AstraZeneca,AZN.ST,1571.50,-14.08,-7.20,49.89,0.69,2.00,0.54,-5.02,1571.50,1609.17,1508.71,1.67,10,SHORT
2026-08-28,momentum,Getinge,GETI-B.ST,245.50,21.43,3.11,67.64,0.88,1.38,0.03,-0.73,245.50,241.45,252.26,1.67,10,LONG
2026-08-28,momentum,Evolution,EVO.ST,830.60,11.32,10.57,74.21,0.87,2.17,0.08,-1.26,830.60,808.93,866.71,1.67,10,LONG
2026-08-28,momentum,Atlas Copco,ATCO-A.ST,208.80,9.79,7.57,62.07,0.65,1.69,0.06,-1.65,208.80,204.57,215.86,1.67,10,LONG
2026-08-28,momentum,Boliden,BOL.ST,573.80,-8.23,23.88,64.85,0.86,2.69,0.12,-3.40,573.80,555.29,604.66,1.67,10,LONG
2026-08-28,momentum,NIBE,NIBE-B.ST,43.08,10.90,14.82,79.15,0.98,2.70,0.08,-0.69,43.08,41.68,45.41,1.67,10,LONG
2026-08-28,squeeze,Autoliv,ALIV-SDB.ST,1172.00,-8.98,-3.46,54.28,0.66,1.62,0.17,-2.33,1172.00,1149.20,1219.50,2.08,15,LONG
2026-08-28,squeeze,Handelsbanken,SHB-A.ST,147.45,0.18,2.97,62.11,0.61,1.18,0.11,-1.44,147.45,145.37,151.79,2.08,15,LONG
2026-08-28,squeeze,Getinge,GETI-B.ST,245.50,21.43,3.11,67.64,0.88,1.38,0.03,-0.73,245.50,241.45,253.95,2.08,15,LONG
2026-08-28,squeeze,SEB,SEB-A.ST,222.80,12.62,1.87,61.63,0.59,1.22,0.04,-2.28,222.80,219.55,229.57,2.08,15,LONG
2026-08-28,weakest,Ericsson,ERIC-B.ST,96.50,-27.53,0.27,52.91,0.45,1.85,0.13,-2.66,96.50,98.64,92.93,1.67,10,SHORT
2026-08-28,weakest,Telia,TELIA.ST,43.49,-20.04,-4.21,42.75,0.43,1.23,0.05,-3.27,43.49,44.13,42.42,1.67,10,SHORT
2026-08-28,weakest,AstraZeneca,AZN.ST,1572.50,-16.05,-7.14,50.05,0.70,1.98,0.08,-4.96,1572.50,1609.87,1510.21,1.67,10,SHORT
2026-08-29,momentum,Getinge,GETI-B.ST,245.40,23.42,3.07,67.47,0.88,1.41,0.51,-0.49,245.40,241.23,252.34,1.67,10,LONG
2026-08-29,momentum,Evolution,EVO.ST,831.00,13.42,10.62,74.43,0.88,2.27,0.85,-1.21,831.00,808.39,868.69,1.67,10,LONG
2026-08-29,momentum,Atlas Copco,ATCO-A.ST,208.50,11.66,7.42,61.69,0.63,1.71,1.22,-1.79,208.50,204.22,215.63,1.67,10,LONG
2026-08-29,momentum,NIBE,NIBE-B.ST,43.12,13.04,14.93,79.27,0.98,2.74,0.83,-0.09,43.12,41.70,45.48,1.67,10,LONG
2026-08-29,momentum,Boliden,BOL.ST,566.80,-7.41,22.37,61.74,0.81,2.84,1.33,-4.58,566.80,547.46,599.03,1.67,10,LONG
2026-08-29,squeeze,Handelsbanken,SHB-A.ST,147.20,2.04,2.79,61.44,0.55,1.19,1.12,-1.60,147.20,145.09,151.59,2.08,15,LONG
2026-08-29,squeeze,Getinge,GETI-B.ST,245.40,23.42,3.07,67.47,0.88,1.41,0.51,-0.49,245.40,241.23,254.08,2.08,15,LONG
2026-08-29,squeeze,Atlas Copco,ATCO-A.ST,208.50,11.66,7.42,61.69,0.63,1.71,1.22,-1.79,208.50,204.22,217.41,2.08,15,LONG
2026-08-29,squeeze,Skanska,SKA-B.ST,274.90,3.94,4.05,70.16,0.92,1.38,1.03,-0.72,274.90,270.35,284.38,2.08,15,LONG
2026-08-29,weakest,Ericsson,ERIC-B.ST,96.20,-25.74,-0.04,51.79,0.37,1.89,1.37,-2.97,96.20,98.39,92.55,1.67,10,SHORT
2026-08-29,weakest,Telia,TELIA.ST,43.44,-18.10,-4.32,42.32,0.40,1.30,1.03,-3.38,43.44,44.12,42.31,1.67,10,SHORT
2026-08-29,weakest,AstraZeneca,AZN.ST,1571.50,-14.08,-7.20,49.89,0.69,2.00,0.55,-5.02,1571.50,1609.17,1508.71,1.67,10,SHORT
2026-08-31,momentum,Getinge,GETI-B.ST,247.40,25.65,4.79,70.16,0.98,1.38,2.02,-0.40,247.40,243.31,254.21,1.67,10,LONG
2026-08-31,momentum,Saab,SAAB-B.ST,639.60,11.63,8.17,54.30,0.37,2.86,0.72,-8.93,639.60,617.67,676.16,1.67,10,LONG
2026-08-31,momentum,NIBE,NIBE-B.ST,43.21,13.32,14.71,82.18,0.93,2.72,0.88,-0.69,43.21,41.80,45.56,1.67,10,LONG
2026-08-31,momentum,Boliden,BOL.ST,573.20,-7.51,20.95,67.99,0.84,2.85,1.07,-3.50,573.20,553.61,605.86,1.67,10,LONG
2026-08-31,momentum,Evolution,EVO.ST,836.80,11.89,13.51,80.19,0.87,2.30,0.67,-0.59,836.80,813.66,875.37,1.67,10,LONG
2026-08-31,squeeze,Handelsbanken,SHB-A.ST,148.20,1.56,2.81,62.34,0.76,1.16,0.82,-0.94,148.20,146.14,152.49,2.08,15,LONG
2026-08-31,squeeze,Autoliv,ALIV-SDB.ST,1173.00,-7.65,-0.26,55.03,0.67,1.61,1.09,-2.25,1173.00,1150.29,1220.32,2.08,15,LONG
2026-08-31,squeeze,Atlas Copco,ATCO-A.ST,207.90,12.66,3.85,58.86,0.57,1.74,1.40,-2.07,207.90,203.56,216.94,2.08,15,LONG
2026-08-31,squeeze,Getinge,GETI-B.ST,247.40,25.65,4.79,70.16,0.98,1.38,2.02,-0.40,247.40,243.31,255.92,2.08,15,LONG
2026-08-31,weakest,Ericsson,ERIC-B.ST,96.76,-28.79,3.75,55.68,0.47,1.87,0.71,-2.40,96.76,98.93,93.15,1.67,10,SHORT
2026-08-31,weakest,Telia,TELIA.ST,43.77,-18.65,-2.34,47.52,0.62,1.23,0.88,-1.93,43.77,44.42,42.69,1.67,10,SHORT
2026-08-31,weakest,AstraZeneca,AZN.ST,1559.00,-14.77,-4.53,47.53,0.65,2.02,0.49,-3.29,1559.00,1596.80,1496.00,1.67,10,SHORT
2026-09-01,momentum,Getinge,GETI-B.ST,243.90,24.55,2.74,58.88,0.67,1.47,1.87,-1.81,243.90,239.59,251.09,1.67,10,LONG
2026-09-01,momentum,Saab,SAAB-B.ST,632.90,13.64,5.85,49.89,0.28,2.66,0.84,-9.88,632.90,612.71,666.54,1.67,10,LONG
2026-09-01,momentum,Evolution,EVO.ST,832.60,11.50,14.34,77.21,0.81,2.31,2.34,-1.09,832.60,809.54,871.03,1.67,10,LONG
2026-09-01,momentum,Hexagon,HEXA-B.ST,100.05,8.46,6.87,72.28,0.73,1.90,1.52,-2.39,100.05,97.77,103.85,1.67,10,LONG
2026-09-01,momentum,NIBE,NIBE-B.ST,42.75,10.70,12.09,75.69,0.83,2.70,1.00,-1.75,42.75,41.36,45.06,1.67,10,LONG
2026-09-01,squeeze,Handelsbanken,SHB-A.ST,147.95,2.94,1.58,59.92,0.68,1.17,1.33,-1.10,147.95,145.87,152.28,2.08,15,LONG
2026-09-01,squeeze,Getinge,GETI-B.ST,243.90,24.55,2.74,58.88,0.67,1.47,1.87,-1.81,243.90,239.59,252.88,2.08,15,LONG
2026-09-01,squeeze,SEB,SEB-A.ST,224.40,16.16,0.49,60.92,0.77,1.20,1.89,-1.58,224.40,221.18,231.11,2.08,15,LONG
2026-09-01,squeeze,Skanska,SKA-B.ST,272.40,3.88,2.14,59.33,0.68,1.37,1.25,-2.12,272.40,267.92,281.74,2.08,15,LONG
2026-09-01,weakest,Ericsson,ERIC-B.ST,96.72,-30.99,3.09,55.32,0.45,1.84,1.06,-2.44,96.72,98.86,93.15,1.67,10,SHORT
2026-09-01,weakest,Telia,TELIA.ST,43.64,-19.01,-1.22,45.24,0.56,1.24,1.81,-2.22,43.64,44.29,42.56,1.67,10,SHORT
2026-09-01,weakest,AstraZeneca,AZN.ST,1563.50,-12.67,-3.93,46.19,0.66,1.96,0.46,-3.01,1563.50,1600.31,1502.14,1.67,10,SHORT
